user_id,event_date,variant,channel,converted,revenue,ad_spend,clicked,impressions
100023,2026-06-01,treatment,Meta,0,0.0,1.35,0,1
100039,2026-06-01,control,Organic,0,0.0,0.0,0,1
100128,2026-06-01,treatment,Paid Search,1,110.54,2.2,0,1
100140,2026-06-01,control,Paid Search,1,88.96,2.2,0,1
100179,2026-06-01,treatment,Email,1,86.71,0.18,0,1
100186,2026-06-01,treatment,Meta,0,0.0,1.35,0,1
100232,2026-06-01,treatment,Paid Search,0,0.0,2.2,1,1
100410,2026-06-01,control,Email,0,0.0,0.18,1,1
100474,2026-06-01,control,Paid Search,0,0.0,2.2,1,1
100499,2026-06-01,control,Email,0,0.0,0.18,0,1
100501,2026-06-01,control,Email,1,78.29,0.18,1,1
100540,2026-06-01,treatment,Email,0,0.0,0.18,0,1
100583,2026-06-01,treatment,Email,0,0.0,0.18,0,1
100608,2026-06-01,treatment,Organic,0,0.0,0.0,1,1
100666,2026-06-01,treatment,Meta,1,84.92,1.35,0,1
100729,2026-06-01,treatment,Paid Search,0,0.0,2.2,0,1
100874,2026-06-01,treatment,Meta,0,0.0,1.35,0,1
100898,2026-06-01,control,Organic,0,0.0,0.0,0,1
100956,2026-06-01,control,Email,0,0.0,0.18,0,1
100978,2026-06-01,treatment,Organic,1,80.24,0.0,0,1
101094,2026-06-01,control,Email,0,0.0,0.18,0,1
101185,2026-06-01,treatment,Email,0,0.0,0.18,0,1
101189,2026-06-01,control,Organic,0,0.0,0.0,0,1
101223,2026-06-01,treatment,Organic,0,0.0,0.0,0,1
101309,2026-06-01,control,Organic,0,0.0,0.0,1,1
101320,2026-06-01,control,Email,0,0.0,0.18,0,1
101491,2026-06-01,control,Organic,0,0.0,0.0,0,1
101543,2026-06-01,control,Meta,0,0.0,1.35,1,1
101556,2026-06-01,treatment,Meta,0,0.0,1.35,1,1
101617,2026-06-01,treatment,Paid Search,0,0.0,2.2,0,1
101635,2026-06-01,control,Meta,0,0.0,1.35,0,1
101803,2026-06-01,control,Meta,1,117.8,1.35,1,1
101901,2026-06-01,treatment,Paid Search,1,118.87,2.2,1,1
101939,2026-06-01,treatment,Organic,0,0.0,0.0,1,1
101952,2026-06-01,control,Organic,0,0.0,0.0,0,1
102067,2026-06-01,control,Paid Search,0,0.0,2.2,0,1
102096,2026-06-01,treatment,Organic,0,0.0,0.0,0,1
102127,2026-06-01,control,Paid Search,0,0.0,2.2,1,1
102168,2026-06-01,control,Organic,0,0.0,0.0,0,1
102184,2026-06-01,treatment,Email,0,0.0,0.18,1,1
102209,2026-06-01,control,Paid Search,0,0.0,2.2,1,1
102265,2026-06-01,treatment,Meta,0,0.0,1.35,1,1
102291,2026-06-01,control,Email,0,0.0,0.18,0,1
102328,2026-06-01,treatment,Organic,0,0.0,0.0,0,1
100016,2026-06-02,treatment,Paid Search,0,0.0,2.2,1,1
100222,2026-06-02,control,Meta,0,0.0,1.35,0,1
100248,2026-06-02,treatment,Meta,0,0.0,1.35,1,1
100312,2026-06-02,control,Meta,0,0.0,1.35,0,1
100340,2026-06-02,control,Meta,0,0.0,1.35,0,1
100362,2026-06-02,control,Email,0,0.0,0.18,1,1
100390,2026-06-02,control,Organic,0,0.0,0.0,1,1
100477,2026-06-02,control,Email,0,0.0,0.18,0,1
100549,2026-06-02,treatment,Paid Search,1,107.22,2.2,0,1
100707,2026-06-02,treatment,Organic,0,0.0,0.0,0,1
100714,2026-06-02,treatment,Email,0,0.0,0.18,1,1
100742,2026-06-02,control,Paid Search,0,0.0,2.2,0,1
100805,2026-06-02,control,Paid Search,0,0.0,2.2,0,1
100832,2026-06-02,control,Paid Search,0,0.0,2.2,1,1
100937,2026-06-02,treatment,Meta,0,0.0,1.35,0,1
101031,2026-06-02,control,Organic,0,0.0,0.0,0,1
101198,2026-06-02,treatment,Organic,0,0.0,0.0,1,1
101219,2026-06-02,treatment,Meta,0,0.0,1.35,0,1
101408,2026-06-02,treatment,Email,0,0.0,0.18,0,1
101516,2026-06-02,control,Meta,0,0.0,1.35,0,1
101517,2026-06-02,treatment,Meta,0,0.0,1.35,0,1
101576,2026-06-02,treatment,Meta,0,0.0,1.35,1,1
101583,2026-06-02,control,Organic,0,0.0,0.0,0,1
102119,2026-06-02,control,Email,0,0.0,0.18,0,1
102146,2026-06-02,treatment,Email,0,0.0,0.18,1,1
102186,2026-06-02,control,Paid Search,1,126.44,2.2,0,1
102223,2026-06-02,control,Paid Search,1,85.8,2.2,0,1
102244,2026-06-02,control,Meta,0,0.0,1.35,1,1
102293,2026-06-02,control,Paid Search,0,0.0,2.2,0,1
100165,2026-06-03,treatment,Email,0,0.0,0.18,0,1
100238,2026-06-03,control,Meta,0,0.0,1.35,0,1
100257,2026-06-03,control,Organic,1,71.19,0.0,0,1
100272,2026-06-03,treatment,Paid Search,0,0.0,2.2,0,1
100288,2026-06-03,treatment,Organic,0,0.0,0.0,1,1
100376,2026-06-03,control,Email,1,68.9,0.18,1,1
100485,2026-06-03,treatment,Email,0,0.0,0.18,0,1
100571,2026-06-03,control,Meta,1,72.88,1.35,0,1
100605,2026-06-03,treatment,Paid Search,0,0.0,2.2,0,1
100691,2026-06-03,treatment,Meta,0,0.0,1.35,0,1
100712,2026-06-03,control,Organic,0,0.0,0.0,0,1
100757,2026-06-03,control,Paid Search,0,0.0,2.2,1,1
100800,2026-06-03,treatment,Meta,1,91.68,1.35,0,1
100843,2026-06-03,treatment,Paid Search,0,0.0,2.2,0,1
100859,2026-06-03,control,Paid Search,0,0.0,2.2,1,1
100918,2026-06-03,control,Meta,0,0.0,1.35,0,1
100974,2026-06-03,control,Organic,0,0.0,0.0,0,1
101039,2026-06-03,control,Meta,0,0.0,1.35,1,1
101107,2026-06-03,control,Organic,0,0.0,0.0,0,1
101139,2026-06-03,control,Paid Search,0,0.0,2.2,1,1
101230,2026-06-03,treatment,Meta,0,0.0,1.35,0,1
101257,2026-06-03,treatment,Organic,1,103.27,0.0,0,1
101267,2026-06-03,control,Paid Search,0,0.0,2.2,0,1
101301,2026-06-03,treatment,Paid Search,1,104.61,2.2,1,1
101307,2026-06-03,treatment,Paid Search,0,0.0,2.2,0,1
101352,2026-06-03,control,Organic,0,0.0,0.0,1,1
101531,2026-06-03,treatment,Organic,0,0.0,0.0,0,1
101739,2026-06-03,treatment,Organic,0,0.0,0.0,0,1
101914,2026-06-03,treatment,Meta,0,0.0,1.35,0,1
101955,2026-06-03,treatment,Paid Search,1,123.7,2.2,0,1
102008,2026-06-03,treatment,Organic,0,0.0,0.0,0,1
102019,2026-06-03,treatment,Meta,0,0.0,1.35,0,1
102036,2026-06-03,control,Meta,0,0.0,1.35,0,1
102097,2026-06-03,treatment,Organic,0,0.0,0.0,0,1
100007,2026-06-04,treatment,Paid Search,0,0.0,2.2,0,1
100052,2026-06-04,control,Paid Search,0,0.0,2.2,0,1
100183,2026-06-04,treatment,Organic,0,0.0,0.0,1,1
100188,2026-06-04,treatment,Organic,0,0.0,0.0,0,1
100210,2026-06-04,treatment,Organic,0,0.0,0.0,0,1
100213,2026-06-04,control,Meta,0,0.0,1.35,0,1
100262,2026-06-04,treatment,Meta,0,0.0,1.35,0,1
100458,2026-06-04,treatment,Organic,0,0.0,0.0,0,1
100468,2026-06-04,control,Paid Search,0,0.0,2.2,0,1
100575,2026-06-04,treatment,Paid Search,0,0.0,2.2,1,1
100681,2026-06-04,control,Organic,0,0.0,0.0,0,1
100708,2026-06-04,control,Meta,0,0.0,1.35,0,1
100719,2026-06-04,treatment,Email,0,0.0,0.18,0,1
100728,2026-06-04,control,Paid Search,0,0.0,2.2,1,1
100765,2026-06-04,control,Organic,0,0.0,0.0,0,1
100768,2026-06-04,control,Paid Search,0,0.0,2.2,0,1
100791,2026-06-04,control,Paid Search,0,0.0,2.2,1,1
101212,2026-06-04,control,Organic,0,0.0,0.0,0,1
101256,2026-06-04,treatment,Meta,0,0.0,1.35,0,1
101306,2026-06-04,control,Meta,0,0.0,1.35,0,1
101444,2026-06-04,treatment,Organic,0,0.0,0.0,0,1
101464,2026-06-04,treatment,Paid Search,0,0.0,2.2,1,1
101470,2026-06-04,control,Email,0,0.0,0.18,1,1
101492,2026-06-04,treatment,Email,0,0.0,0.18,0,1
101495,2026-06-04,control,Meta,0,0.0,1.35,0,1
101646,2026-06-04,control,Email,0,0.0,0.18,0,1
101737,2026-06-04,treatment,Organic,0,0.0,0.0,0,1
101887,2026-06-04,control,Meta,0,0.0,1.35,0,1
101916,2026-06-04,control,Paid Search,0,0.0,2.2,1,1
102030,2026-06-04,treatment,Organic,0,0.0,0.0,0,1
102032,2026-06-04,control,Organic,1,107.05,0.0,0,1
102207,2026-06-04,treatment,Paid Search,0,0.0,2.2,0,1
102321,2026-06-04,control,Paid Search,0,0.0,2.2,0,1
100122,2026-06-05,treatment,Paid Search,1,127.95,2.2,1,1
100195,2026-06-05,control,Email,0,0.0,0.18,0,1
100258,2026-06-05,control,Paid Search,0,0.0,2.2,0,1
100300,2026-06-05,control,Meta,0,0.0,1.35,1,1
100394,2026-06-05,treatment,Organic,1,78.37,0.0,1,1
100411,2026-06-05,control,Organic,0,0.0,0.0,1,1
100434,2026-06-05,control,Paid Search,0,0.0,2.2,0,1
100535,2026-06-05,control,Meta,0,0.0,1.35,0,1
100547,2026-06-05,treatment,Paid Search,0,0.0,2.2,0,1
100548,2026-06-05,control,Email,0,0.0,0.18,0,1
100552,2026-06-05,control,Organic,0,0.0,0.0,0,1
100567,2026-06-05,control,Meta,1,82.85,1.35,0,1
100689,2026-06-05,treatment,Paid Search,0,0.0,2.2,0,1
100692,2026-06-05,treatment,Paid Search,0,0.0,2.2,0,1
100734,2026-06-05,treatment,Organic,0,0.0,0.0,1,1
100807,2026-06-05,control,Paid Search,0,0.0,2.2,0,1
100905,2026-06-05,treatment,Paid Search,0,0.0,2.2,0,1
100986,2026-06-05,control,Organic,0,0.0,0.0,0,1
100992,2026-06-05,control,Organic,0,0.0,0.0,0,1
101001,2026-06-05,treatment,Organic,0,0.0,0.0,0,1
101033,2026-06-05,treatment,Organic,1,62.94,0.0,1,1
101057,2026-06-05,control,Email,0,0.0,0.18,0,1
101097,2026-06-05,treatment,Email,1,93.61,0.18,0,1
101133,2026-06-05,control,Organic,0,0.0,0.0,0,1
101193,2026-06-05,treatment,Paid Search,0,0.0,2.2,0,1
101228,2026-06-05,control,Meta,0,0.0,1.35,0,1
101231,2026-06-05,treatment,Paid Search,0,0.0,2.2,0,1
101234,2026-06-05,treatment,Organic,0,0.0,0.0,1,1
101244,2026-06-05,treatment,Email,0,0.0,0.18,1,1
101310,2026-06-05,treatment,Meta,0,0.0,1.35,0,1
101332,2026-06-05,control,Email,0,0.0,0.18,1,1
101338,2026-06-05,control,Email,0,0.0,0.18,0,1
101409,2026-06-05,treatment,Meta,0,0.0,1.35,1,1
101428,2026-06-05,treatment,Organic,0,0.0,0.0,0,1
101479,2026-06-05,treatment,Organic,0,0.0,0.0,0,1
101527,2026-06-05,treatment,Paid Search,0,0.0,2.2,1,1
101538,2026-06-05,treatment,Paid Search,0,0.0,2.2,0,1
101550,2026-06-05,control,Organic,0,0.0,0.0,0,1
101720,2026-06-05,control,Paid Search,0,0.0,2.2,0,1
101756,2026-06-05,control,Email,0,0.0,0.18,0,1
101781,2026-06-05,treatment,Email,1,90.99,0.18,0,1
101814,2026-06-05,treatment,Organic,0,0.0,0.0,1,1
101817,2026-06-05,control,Organic,0,0.0,0.0,0,1
101830,2026-06-05,control,Meta,0,0.0,1.35,0,1
101849,2026-06-05,treatment,Paid Search,0,0.0,2.2,0,1
101899,2026-06-05,treatment,Paid Search,0,0.0,2.2,0,1
102006,2026-06-05,control,Organic,0,0.0,0.0,0,1
102034,2026-06-05,treatment,Meta,1,117.86,1.35,0,1
102056,2026-06-05,control,Paid Search,0,0.0,2.2,0,1
102095,2026-06-05,control,Meta,0,0.0,1.35,0,1
102147,2026-06-05,treatment,Organic,0,0.0,0.0,0,1
102152,2026-06-05,control,Organic,0,0.0,0.0,0,1
102198,2026-06-05,control,Meta,1,103.1,1.35,0,1
102226,2026-06-05,control,Organic,0,0.0,0.0,0,1
102272,2026-06-05,control,Meta,0,0.0,1.35,0,1
102273,2026-06-05,control,Paid Search,0,0.0,2.2,0,1
102300,2026-06-05,control,Meta,0,0.0,1.35,0,1
102349,2026-06-05,control,Email,0,0.0,0.18,0,1
100076,2026-06-06,treatment,Meta,0,0.0,1.35,1,1
100112,2026-06-06,control,Organic,0,0.0,0.0,0,1
100114,2026-06-06,control,Organic,0,0.0,0.0,1,1
100203,2026-06-06,treatment,Email,0,0.0,0.18,0,1
100317,2026-06-06,control,Email,0,0.0,0.18,1,1
100321,2026-06-06,control,Email,0,0.0,0.18,1,1
100351,2026-06-06,control,Paid Search,0,0.0,2.2,1,1
100381,2026-06-06,control,Meta,0,0.0,1.35,1,1
100402,2026-06-06,treatment,Meta,1,129.36,1.35,0,1
100405,2026-06-06,treatment,Email,0,0.0,0.18,1,1
100544,2026-06-06,treatment,Organic,0,0.0,0.0,0,1
100619,2026-06-06,control,Organic,0,0.0,0.0,0,1
100733,2026-06-06,treatment,Paid Search,0,0.0,2.2,0,1
100775,2026-06-06,control,Organic,0,0.0,0.0,1,1
100776,2026-06-06,treatment,Meta,0,0.0,1.35,0,1
100855,2026-06-06,treatment,Meta,0,0.0,1.35,0,1
100893,2026-06-06,control,Meta,1,83.01,1.35,1,1
100926,2026-06-06,control,Paid Search,0,0.0,2.2,0,1
100950,2026-06-06,control,Organic,0,0.0,0.0,1,1
100995,2026-06-06,treatment,Organic,0,0.0,0.0,0,1
101000,2026-06-06,treatment,Paid Search,0,0.0,2.2,0,1
101017,2026-06-06,control,Meta,0,0.0,1.35,0,1
101056,2026-06-06,control,Paid Search,0,0.0,2.2,0,1
101169,2026-06-06,control,Meta,0,0.0,1.35,0,1
101204,2026-06-06,treatment,Meta,1,143.44,1.35,0,1
101211,2026-06-06,control,Email,0,0.0,0.18,0,1
101305,2026-06-06,control,Meta,0,0.0,1.35,0,1
101313,2026-06-06,treatment,Organic,0,0.0,0.0,0,1
101393,2026-06-06,treatment,Paid Search,0,0.0,2.2,0,1
101484,2026-06-06,treatment,Meta,0,0.0,1.35,0,1
101581,2026-06-06,control,Email,0,0.0,0.18,1,1
101584,2026-06-06,control,Organic,0,0.0,0.0,0,1
101592,2026-06-06,control,Email,0,0.0,0.18,0,1
101600,2026-06-06,treatment,Paid Search,0,0.0,2.2,1,1
101685,2026-06-06,control,Meta,0,0.0,1.35,1,1
101724,2026-06-06,treatment,Paid Search,0,0.0,2.2,0,1
101730,2026-06-06,treatment,Organic,0,0.0,0.0,0,1
101753,2026-06-06,control,Email,0,0.0,0.18,0,1
101807,2026-06-06,control,Meta,0,0.0,1.35,0,1
101820,2026-06-06,treatment,Email,0,0.0,0.18,0,1
101856,2026-06-06,control,Paid Search,0,0.0,2.2,0,1
101942,2026-06-06,control,Paid Search,0,0.0,2.2,1,1
101996,2026-06-06,treatment,Meta,0,0.0,1.35,0,1
102002,2026-06-06,treatment,Paid Search,0,0.0,2.2,0,1
102071,2026-06-06,treatment,Email,0,0.0,0.18,1,1
102088,2026-06-06,treatment,Meta,0,0.0,1.35,0,1
102129,2026-06-06,control,Organic,0,0.0,0.0,0,1
102256,2026-06-06,control,Paid Search,0,0.0,2.2,1,1
100005,2026-06-07,control,Paid Search,0,0.0,2.2,1,1
100103,2026-06-07,treatment,Organic,0,0.0,0.0,0,1
100160,2026-06-07,treatment,Organic,1,115.1,0.0,0,1
100175,2026-06-07,treatment,Meta,0,0.0,1.35,0,1
100270,2026-06-07,control,Meta,0,0.0,1.35,0,1
100461,2026-06-07,treatment,Paid Search,0,0.0,2.2,1,1
100529,2026-06-07,treatment,Paid Search,0,0.0,2.2,1,1
100621,2026-06-07,control,Paid Search,0,0.0,2.2,0,1
100685,2026-06-07,treatment,Email,1,116.22,0.18,1,1
100921,2026-06-07,treatment,Paid Search,0,0.0,2.2,1,1
101032,2026-06-07,treatment,Paid Search,0,0.0,2.2,0,1
101068,2026-06-07,control,Organic,0,0.0,0.0,1,1
101071,2026-06-07,control,Email,0,0.0,0.18,1,1
101103,2026-06-07,treatment,Email,0,0.0,0.18,0,1
101186,2026-06-07,control,Meta,0,0.0,1.35,1,1
101273,2026-06-07,control,Paid Search,0,0.0,2.2,0,1
101289,2026-06-07,treatment,Organic,0,0.0,0.0,1,1
101290,2026-06-07,treatment,Paid Search,0,0.0,2.2,1,1
101312,2026-06-07,treatment,Meta,0,0.0,1.35,0,1
101336,2026-06-07,control,Email,0,0.0,0.18,0,1
101361,2026-06-07,control,Organic,0,0.0,0.0,0,1
101364,2026-06-07,treatment,Organic,0,0.0,0.0,1,1
101396,2026-06-07,control,Email,0,0.0,0.18,1,1
101431,2026-06-07,control,Paid Search,0,0.0,2.2,1,1
101456,2026-06-07,control,Meta,0,0.0,1.35,0,1
101508,2026-06-07,treatment,Paid Search,0,0.0,2.2,0,1
101520,2026-06-07,treatment,Meta,0,0.0,1.35,0,1
101526,2026-06-07,control,Organic,0,0.0,0.0,0,1
101530,2026-06-07,control,Email,0,0.0,0.18,0,1
101544,2026-06-07,control,Organic,1,43.82,0.0,0,1
101616,2026-06-07,control,Email,0,0.0,0.18,1,1
101680,2026-06-07,treatment,Paid Search,0,0.0,2.2,0,1
101757,2026-06-07,treatment,Organic,0,0.0,0.0,1,1
101892,2026-06-07,control,Meta,0,0.0,1.35,1,1
101935,2026-06-07,treatment,Meta,0,0.0,1.35,0,1
102052,2026-06-07,treatment,Paid Search,1,128.19,2.2,1,1
102083,2026-06-07,control,Organic,0,0.0,0.0,1,1
102214,2026-06-07,control,Email,0,0.0,0.18,0,1
102324,2026-06-07,control,Organic,0,0.0,0.0,0,1
100065,2026-06-08,control,Organic,0,0.0,0.0,0,1
100116,2026-06-08,treatment,Meta,0,0.0,1.35,0,1
100133,2026-06-08,control,Meta,0,0.0,1.35,0,1
100174,2026-06-08,treatment,Email,0,0.0,0.18,0,1
100281,2026-06-08,treatment,Email,0,0.0,0.18,0,1
100322,2026-06-08,treatment,Email,0,0.0,0.18,1,1
100329,2026-06-08,control,Meta,0,0.0,1.35,0,1
100374,2026-06-08,control,Email,0,0.0,0.18,0,1
100579,2026-06-08,treatment,Paid Search,1,97.6,2.2,0,1
100596,2026-06-08,treatment,Paid Search,0,0.0,2.2,0,1
100604,2026-06-08,treatment,Paid Search,0,0.0,2.2,0,1
100636,2026-06-08,control,Paid Search,0,0.0,2.2,0,1
100780,2026-06-08,control,Meta,0,0.0,1.35,0,1
100781,2026-06-08,treatment,Email,0,0.0,0.18,1,1
100935,2026-06-08,control,Organic,0,0.0,0.0,0,1
100951,2026-06-08,control,Meta,0,0.0,1.35,1,1
100968,2026-06-08,treatment,Organic,0,0.0,0.0,0,1
101006,2026-06-08,treatment,Paid Search,0,0.0,2.2,1,1
101020,2026-06-08,treatment,Email,1,112.09,0.18,0,1
101042,2026-06-08,control,Organic,0,0.0,0.0,0,1
101043,2026-06-08,treatment,Meta,0,0.0,1.35,0,1
101153,2026-06-08,treatment,Paid Search,0,0.0,2.2,0,1
101263,2026-06-08,control,Paid Search,0,0.0,2.2,1,1
101337,2026-06-08,control,Paid Search,0,0.0,2.2,0,1
101440,2026-06-08,control,Paid Search,0,0.0,2.2,0,1
101472,2026-06-08,treatment,Meta,0,0.0,1.35,1,1
101618,2026-06-08,control,Organic,0,0.0,0.0,0,1
101703,2026-06-08,treatment,Email,0,0.0,0.18,1,1
101706,2026-06-08,treatment,Email,1,63.95,0.18,1,1
101728,2026-06-08,treatment,Meta,0,0.0,1.35,1,1
101762,2026-06-08,control,Meta,0,0.0,1.35,0,1
101796,2026-06-08,control,Meta,0,0.0,1.35,0,1
101851,2026-06-08,treatment,Email,0,0.0,0.18,0,1
101980,2026-06-08,treatment,Paid Search,0,0.0,2.2,1,1
102058,2026-06-08,control,Paid Search,0,0.0,2.2,0,1
102161,2026-06-08,control,Paid Search,0,0.0,2.2,0,1
102260,2026-06-08,control,Meta,0,0.0,1.35,0,1
102281,2026-06-08,treatment,Paid Search,0,0.0,2.2,0,1
102344,2026-06-08,control,Meta,0,0.0,1.35,1,1
102366,2026-06-08,control,Organic,0,0.0,0.0,0,1
102368,2026-06-08,control,Organic,0,0.0,0.0,0,1
100003,2026-06-09,treatment,Paid Search,0,0.0,2.2,0,1
100026,2026-06-09,control,Organic,0,0.0,0.0,0,1
100110,2026-06-09,treatment,Paid Search,0,0.0,2.2,0,1
100247,2026-06-09,control,Organic,0,0.0,0.0,0,1
100250,2026-06-09,control,Meta,1,86.48,1.35,0,1
100343,2026-06-09,treatment,Paid Search,0,0.0,2.2,1,1
100469,2026-06-09,control,Meta,0,0.0,1.35,0,1
100500,2026-06-09,control,Paid Search,0,0.0,2.2,1,1
100541,2026-06-09,control,Paid Search,0,0.0,2.2,0,1
100559,2026-06-09,treatment,Email,0,0.0,0.18,1,1
100644,2026-06-09,treatment,Paid Search,0,0.0,2.2,0,1
100671,2026-06-09,control,Meta,1,131.92,1.35,0,1
100721,2026-06-09,treatment,Organic,0,0.0,0.0,1,1
100732,2026-06-09,treatment,Paid Search,0,0.0,2.2,0,1
100752,2026-06-09,control,Paid Search,0,0.0,2.2,1,1
100801,2026-06-09,control,Organic,1,87.66,0.0,1,1
100812,2026-06-09,treatment,Organic,0,0.0,0.0,0,1
100824,2026-06-09,treatment,Paid Search,1,89.77,2.2,0,1
100842,2026-06-09,control,Meta,0,0.0,1.35,0,1
100883,2026-06-09,treatment,Paid Search,0,0.0,2.2,1,1
100912,2026-06-09,treatment,Email,0,0.0,0.18,0,1
100994,2026-06-09,control,Organic,0,0.0,0.0,1,1
101014,2026-06-09,control,Paid Search,1,90.8,2.2,1,1
101055,2026-06-09,control,Paid Search,0,0.0,2.2,0,1
101109,2026-06-09,treatment,Organic,0,0.0,0.0,1,1
101253,2026-06-09,control,Meta,0,0.0,1.35,1,1
101395,2026-06-09,control,Paid Search,0,0.0,2.2,0,1
101712,2026-06-09,control,Meta,0,0.0,1.35,1,1
101869,2026-06-09,control,Organic,0,0.0,0.0,0,1
102222,2026-06-09,treatment,Paid Search,0,0.0,2.2,1,1
102251,2026-06-09,treatment,Email,0,0.0,0.18,0,1
102330,2026-06-09,control,Meta,0,0.0,1.35,0,1
102334,2026-06-09,treatment,Email,0,0.0,0.18,0,1
102348,2026-06-09,control,Email,0,0.0,0.18,0,1
102395,2026-06-09,treatment,Meta,1,77.63,1.35,0,1
100008,2026-06-10,treatment,Email,0,0.0,0.18,1,1
100154,2026-06-10,control,Organic,0,0.0,0.0,0,1
100168,2026-06-10,treatment,Organic,0,0.0,0.0,0,1
100176,2026-06-10,treatment,Meta,0,0.0,1.35,0,1
100206,2026-06-10,control,Paid Search,0,0.0,2.2,0,1
100220,2026-06-10,treatment,Email,1,71.75,0.18,0,1
100306,2026-06-10,control,Meta,0,0.0,1.35,0,1
100368,2026-06-10,control,Paid Search,0,0.0,2.2,0,1
100416,2026-06-10,treatment,Meta,0,0.0,1.35,1,1
100425,2026-06-10,control,Meta,0,0.0,1.35,1,1
100545,2026-06-10,control,Meta,0,0.0,1.35,0,1
100554,2026-06-10,control,Organic,0,0.0,0.0,0,1
100617,2026-06-10,treatment,Organic,0,0.0,0.0,1,1
100646,2026-06-10,treatment,Organic,0,0.0,0.0,0,1
100746,2026-06-10,treatment,Paid Search,0,0.0,2.2,0,1
100795,2026-06-10,control,Meta,0,0.0,1.35,1,1
100798,2026-06-10,treatment,Meta,0,0.0,1.35,1,1
100838,2026-06-10,control,Organic,0,0.0,0.0,0,1
100903,2026-06-10,control,Organic,0,0.0,0.0,0,1
101030,2026-06-10,control,Meta,0,0.0,1.35,0,1
101063,2026-06-10,control,Email,0,0.0,0.18,0,1
101171,2026-06-10,control,Email,0,0.0,0.18,0,1
101180,2026-06-10,control,Organic,0,0.0,0.0,0,1
101335,2026-06-10,control,Organic,0,0.0,0.0,1,1
101406,2026-06-10,control,Email,1,89.96,0.18,0,1
101486,2026-06-10,treatment,Organic,0,0.0,0.0,1,1
101512,2026-06-10,treatment,Organic,0,0.0,0.0,0,1
101528,2026-06-10,control,Paid Search,1,95.4,2.2,0,1
101548,2026-06-10,control,Organic,0,0.0,0.0,0,1
101633,2026-06-10,treatment,Paid Search,0,0.0,2.2,0,1
101679,2026-06-10,treatment,Organic,0,0.0,0.0,0,1
101684,2026-06-10,control,Organic,0,0.0,0.0,0,1
101699,2026-06-10,treatment,Meta,0,0.0,1.35,0,1
101743,2026-06-10,treatment,Meta,0,0.0,1.35,1,1
101765,2026-06-10,treatment,Paid Search,0,0.0,2.2,0,1
101788,2026-06-10,control,Organic,0,0.0,0.0,0,1
101805,2026-06-10,control,Email,0,0.0,0.18,1,1
101895,2026-06-10,treatment,Email,1,151.67,0.18,0,1
101954,2026-06-10,control,Organic,0,0.0,0.0,1,1
101983,2026-06-10,treatment,Email,0,0.0,0.18,1,1
101991,2026-06-10,control,Meta,0,0.0,1.35,0,1
102246,2026-06-10,control,Meta,0,0.0,1.35,0,1
102312,2026-06-10,control,Organic,0,0.0,0.0,0,1
102337,2026-06-10,control,Email,0,0.0,0.18,0,1
102377,2026-06-10,treatment,Meta,0,0.0,1.35,0,1
102379,2026-06-10,treatment,Email,0,0.0,0.18,1,1
100053,2026-06-11,treatment,Paid Search,1,102.12,2.2,0,1
100055,2026-06-11,control,Organic,0,0.0,0.0,0,1
100069,2026-06-11,treatment,Organic,0,0.0,0.0,0,1
100087,2026-06-11,treatment,Organic,0,0.0,0.0,0,1
100164,2026-06-11,treatment,Meta,0,0.0,1.35,0,1
100231,2026-06-11,control,Paid Search,0,0.0,2.2,0,1
100325,2026-06-11,control,Paid Search,0,0.0,2.2,0,1
100344,2026-06-11,treatment,Meta,0,0.0,1.35,0,1
100391,2026-06-11,control,Paid Search,1,51.86,2.2,0,1
100423,2026-06-11,control,Meta,0,0.0,1.35,0,1
100430,2026-06-11,treatment,Organic,0,0.0,0.0,0,1
100448,2026-06-11,control,Email,0,0.0,0.18,0,1
100451,2026-06-11,control,Email,0,0.0,0.18,0,1
100481,2026-06-11,treatment,Organic,0,0.0,0.0,0,1
100518,2026-06-11,control,Organic,0,0.0,0.0,1,1
100522,2026-06-11,treatment,Organic,0,0.0,0.0,0,1
100627,2026-06-11,control,Meta,0,0.0,1.35,0,1
100686,2026-06-11,control,Email,0,0.0,0.18,1,1
100724,2026-06-11,control,Organic,0,0.0,0.0,1,1
100740,2026-06-11,treatment,Meta,0,0.0,1.35,0,1
100744,2026-06-11,control,Paid Search,0,0.0,2.2,0,1
100880,2026-06-11,treatment,Meta,0,0.0,1.35,0,1
100961,2026-06-11,control,Email,1,103.73,0.18,1,1
100964,2026-06-11,treatment,Email,1,94.47,0.18,1,1
101092,2026-06-11,control,Paid Search,0,0.0,2.2,1,1
101125,2026-06-11,control,Meta,0,0.0,1.35,0,1
101165,2026-06-11,control,Email,0,0.0,0.18,1,1
101175,2026-06-11,treatment,Paid Search,0,0.0,2.2,0,1
101183,2026-06-11,treatment,Meta,0,0.0,1.35,0,1
101252,2026-06-11,control,Organic,0,0.0,0.0,0,1
101259,2026-06-11,treatment,Paid Search,1,93.15,2.2,0,1
101407,2026-06-11,control,Meta,0,0.0,1.35,0,1
101485,2026-06-11,control,Paid Search,0,0.0,2.2,0,1
101536,2026-06-11,treatment,Organic,0,0.0,0.0,0,1
101578,2026-06-11,control,Meta,0,0.0,1.35,0,1
101593,2026-06-11,control,Email,0,0.0,0.18,0,1
101659,2026-06-11,treatment,Paid Search,0,0.0,2.2,0,1
101662,2026-06-11,treatment,Email,0,0.0,0.18,0,1
101713,2026-06-11,treatment,Paid Search,0,0.0,2.2,0,1
101731,2026-06-11,treatment,Organic,0,0.0,0.0,1,1
101816,2026-06-11,treatment,Meta,0,0.0,1.35,0,1
102187,2026-06-11,control,Meta,0,0.0,1.35,0,1
102196,2026-06-11,control,Meta,0,0.0,1.35,1,1
102229,2026-06-11,treatment,Paid Search,1,120.48,2.2,0,1
102231,2026-06-11,treatment,Meta,1,115.71,1.35,0,1
102364,2026-06-11,treatment,Organic,0,0.0,0.0,0,1
102383,2026-06-11,treatment,Meta,0,0.0,1.35,1,1
100000,2026-06-12,control,Email,0,0.0,0.18,0,1
100044,2026-06-12,treatment,Organic,0,0.0,0.0,0,1
100057,2026-06-12,treatment,Meta,0,0.0,1.35,0,1
100064,2026-06-12,control,Organic,0,0.0,0.0,1,1
100094,2026-06-12,treatment,Organic,0,0.0,0.0,0,1
100132,2026-06-12,treatment,Email,0,0.0,0.18,1,1
100283,2026-06-12,treatment,Meta,0,0.0,1.35,1,1
100326,2026-06-12,treatment,Paid Search,0,0.0,2.2,0,1
100417,2026-06-12,treatment,Meta,0,0.0,1.35,0,1
100534,2026-06-12,treatment,Meta,0,0.0,1.35,0,1
100556,2026-06-12,treatment,Meta,0,0.0,1.35,0,1
100667,2026-06-12,treatment,Organic,0,0.0,0.0,0,1
100668,2026-06-12,control,Organic,0,0.0,0.0,0,1
100673,2026-06-12,control,Organic,0,0.0,0.0,0,1
100787,2026-06-12,control,Email,0,0.0,0.18,0,1
100790,2026-06-12,control,Paid Search,0,0.0,2.2,0,1
100835,2026-06-12,treatment,Organic,0,0.0,0.0,1,1
100853,2026-06-12,control,Paid Search,0,0.0,2.2,0,1
100946,2026-06-12,treatment,Paid Search,0,0.0,2.2,0,1
100959,2026-06-12,treatment,Meta,1,104.59,1.35,0,1
101015,2026-06-12,control,Meta,0,0.0,1.35,0,1
101058,2026-06-12,treatment,Email,0,0.0,0.18,0,1
101126,2026-06-12,treatment,Meta,0,0.0,1.35,0,1
101207,2026-06-12,control,Organic,0,0.0,0.0,0,1
101398,2026-06-12,control,Meta,0,0.0,1.35,0,1
101471,2026-06-12,control,Organic,0,0.0,0.0,0,1
101572,2026-06-12,control,Paid Search,0,0.0,2.2,0,1
101602,2026-06-12,treatment,Paid Search,0,0.0,2.2,0,1
101613,2026-06-12,control,Meta,0,0.0,1.35,0,1
101623,2026-06-12,treatment,Paid Search,1,86.09,2.2,0,1
101665,2026-06-12,control,Paid Search,0,0.0,2.2,0,1
101735,2026-06-12,treatment,Organic,0,0.0,0.0,0,1
101782,2026-06-12,control,Organic,0,0.0,0.0,0,1
101917,2026-06-12,control,Organic,0,0.0,0.0,0,1
102021,2026-06-12,treatment,Meta,0,0.0,1.35,0,1
102079,2026-06-12,control,Email,0,0.0,0.18,1,1
102092,2026-06-12,treatment,Paid Search,0,0.0,2.2,0,1
102180,2026-06-12,control,Meta,0,0.0,1.35,0,1
102216,2026-06-12,treatment,Paid Search,0,0.0,2.2,1,1
102261,2026-06-12,treatment,Paid Search,1,122.4,2.2,0,1
102264,2026-06-12,treatment,Paid Search,0,0.0,2.2,0,1
102284,2026-06-12,treatment,Paid Search,0,0.0,2.2,1,1
102332,2026-06-12,treatment,Paid Search,0,0.0,2.2,1,1
102365,2026-06-12,control,Paid Search,0,0.0,2.2,0,1
102370,2026-06-12,treatment,Paid Search,0,0.0,2.2,1,1
100015,2026-06-13,control,Meta,0,0.0,1.35,0,1
100032,2026-06-13,control,Meta,0,0.0,1.35,0,1
100051,2026-06-13,control,Organic,0,0.0,0.0,1,1
100085,2026-06-13,control,Paid Search,0,0.0,2.2,0,1
100113,2026-06-13,treatment,Meta,1,66.16,1.35,1,1
100136,2026-06-13,treatment,Email,0,0.0,0.18,0,1
100166,2026-06-13,treatment,Organic,0,0.0,0.0,0,1
100202,2026-06-13,control,Meta,0,0.0,1.35,1,1
100219,2026-06-13,control,Meta,0,0.0,1.35,0,1
100228,2026-06-13,treatment,Organic,0,0.0,0.0,1,1
100241,2026-06-13,control,Paid Search,0,0.0,2.2,0,1
100243,2026-06-13,control,Paid Search,1,72.92,2.2,0,1
100295,2026-06-13,control,Meta,0,0.0,1.35,0,1
100299,2026-06-13,control,Organic,0,0.0,0.0,0,1
100367,2026-06-13,control,Organic,0,0.0,0.0,1,1
100377,2026-06-13,control,Paid Search,0,0.0,2.2,0,1
100452,2026-06-13,control,Paid Search,0,0.0,2.2,1,1
100497,2026-06-13,control,Organic,0,0.0,0.0,0,1
100597,2026-06-13,treatment,Paid Search,0,0.0,2.2,1,1
100690,2026-06-13,treatment,Paid Search,0,0.0,2.2,0,1
100695,2026-06-13,treatment,Meta,0,0.0,1.35,0,1
100716,2026-06-13,control,Email,0,0.0,0.18,0,1
100753,2026-06-13,treatment,Meta,0,0.0,1.35,0,1
100756,2026-06-13,control,Paid Search,0,0.0,2.2,0,1
100863,2026-06-13,control,Paid Search,0,0.0,2.2,1,1
100866,2026-06-13,control,Meta,0,0.0,1.35,1,1
100936,2026-06-13,control,Email,0,0.0,0.18,0,1
100973,2026-06-13,control,Meta,0,0.0,1.35,0,1
100976,2026-06-13,control,Paid Search,0,0.0,2.2,1,1
101067,2026-06-13,treatment,Organic,0,0.0,0.0,1,1
101083,2026-06-13,control,Organic,0,0.0,0.0,1,1
101090,2026-06-13,treatment,Organic,0,0.0,0.0,0,1
101298,2026-06-13,treatment,Organic,0,0.0,0.0,0,1
101326,2026-06-13,control,Email,0,0.0,0.18,0,1
101368,2026-06-13,treatment,Meta,0,0.0,1.35,1,1
101376,2026-06-13,treatment,Paid Search,0,0.0,2.2,1,1
101465,2026-06-13,control,Paid Search,0,0.0,2.2,0,1
101504,2026-06-13,treatment,Paid Search,0,0.0,2.2,1,1
101560,2026-06-13,control,Email,0,0.0,0.18,0,1
101597,2026-06-13,control,Email,0,0.0,0.18,0,1
101599,2026-06-13,treatment,Meta,0,0.0,1.35,0,1
101614,2026-06-13,treatment,Organic,0,0.0,0.0,0,1
101769,2026-06-13,control,Meta,0,0.0,1.35,0,1
101845,2026-06-13,control,Organic,0,0.0,0.0,0,1
101858,2026-06-13,control,Organic,0,0.0,0.0,0,1
101872,2026-06-13,control,Email,0,0.0,0.18,0,1
101906,2026-06-13,treatment,Email,0,0.0,0.18,0,1
101988,2026-06-13,control,Meta,0,0.0,1.35,0,1
102190,2026-06-13,treatment,Meta,0,0.0,1.35,1,1
102203,2026-06-13,control,Paid Search,0,0.0,2.2,0,1
102220,2026-06-13,control,Organic,0,0.0,0.0,0,1
102232,2026-06-13,treatment,Paid Search,0,0.0,2.2,1,1
102305,2026-06-13,control,Email,0,0.0,0.18,1,1
102329,2026-06-13,treatment,Paid Search,0,0.0,2.2,0,1
102343,2026-06-13,treatment,Email,0,0.0,0.18,0,1
102373,2026-06-13,control,Paid Search,0,0.0,2.2,0,1
102378,2026-06-13,treatment,Organic,0,0.0,0.0,1,1
100006,2026-06-14,control,Email,0,0.0,0.18,0,1
100040,2026-06-14,control,Paid Search,1,100.28,2.2,0,1
100086,2026-06-14,control,Meta,0,0.0,1.35,0,1
100169,2026-06-14,control,Meta,0,0.0,1.35,0,1
100189,2026-06-14,treatment,Meta,0,0.0,1.35,0,1
100305,2026-06-14,treatment,Email,0,0.0,0.18,1,1
100307,2026-06-14,treatment,Paid Search,0,0.0,2.2,0,1
100414,2026-06-14,control,Organic,0,0.0,0.0,1,1
100453,2026-06-14,treatment,Organic,0,0.0,0.0,0,1
100573,2026-06-14,treatment,Email,0,0.0,0.18,0,1
100662,2026-06-14,control,Paid Search,0,0.0,2.2,0,1
100678,2026-06-14,treatment,Meta,0,0.0,1.35,1,1
100763,2026-06-14,control,Paid Search,1,106.13,2.2,0,1
100788,2026-06-14,control,Organic,0,0.0,0.0,0,1
100804,2026-06-14,control,Paid Search,0,0.0,2.2,0,1
100945,2026-06-14,treatment,Meta,0,0.0,1.35,0,1
100966,2026-06-14,control,Organic,0,0.0,0.0,0,1
100987,2026-06-14,control,Paid Search,0,0.0,2.2,0,1
101102,2026-06-14,control,Organic,0,0.0,0.0,0,1
101118,2026-06-14,treatment,Organic,0,0.0,0.0,0,1
101123,2026-06-14,treatment,Meta,0,0.0,1.35,0,1
101209,2026-06-14,treatment,Paid Search,0,0.0,2.2,0,1
101240,2026-06-14,control,Meta,0,0.0,1.35,0,1
101247,2026-06-14,control,Organic,0,0.0,0.0,1,1
101270,2026-06-14,treatment,Organic,0,0.0,0.0,0,1
101279,2026-06-14,treatment,Meta,0,0.0,1.35,1,1
101296,2026-06-14,treatment,Paid Search,0,0.0,2.2,0,1
101303,2026-06-14,treatment,Organic,1,80.11,0.0,0,1
101324,2026-06-14,control,Paid Search,0,0.0,2.2,0,1
101328,2026-06-14,treatment,Organic,0,0.0,0.0,1,1
101382,2026-06-14,treatment,Paid Search,0,0.0,2.2,0,1
101476,2026-06-14,treatment,Email,0,0.0,0.18,0,1
101566,2026-06-14,control,Email,0,0.0,0.18,1,1
101611,2026-06-14,control,Paid Search,0,0.0,2.2,0,1
101622,2026-06-14,treatment,Meta,0,0.0,1.35,1,1
101628,2026-06-14,control,Paid Search,1,67.07,2.2,0,1
101672,2026-06-14,control,Meta,0,0.0,1.35,0,1
101723,2026-06-14,control,Meta,0,0.0,1.35,0,1
101734,2026-06-14,control,Paid Search,0,0.0,2.2,0,1
101775,2026-06-14,treatment,Email,0,0.0,0.18,0,1
102114,2026-06-14,treatment,Paid Search,0,0.0,2.2,1,1
102151,2026-06-14,treatment,Organic,0,0.0,0.0,0,1
102206,2026-06-14,control,Paid Search,0,0.0,2.2,1,1
102340,2026-06-14,control,Organic,0,0.0,0.0,1,1
100046,2026-06-15,control,Organic,0,0.0,0.0,0,1
100066,2026-06-15,treatment,Meta,0,0.0,1.35,0,1
100139,2026-06-15,control,Paid Search,0,0.0,2.2,1,1
100205,2026-06-15,control,Organic,1,107.53,0.0,1,1
100254,2026-06-15,control,Email,1,98.23,0.18,0,1
100316,2026-06-15,treatment,Paid Search,0,0.0,2.2,1,1
100395,2026-06-15,treatment,Paid Search,0,0.0,2.2,0,1
100494,2026-06-15,control,Paid Search,0,0.0,2.2,0,1
100570,2026-06-15,treatment,Meta,0,0.0,1.35,0,1
100607,2026-06-15,control,Organic,0,0.0,0.0,0,1
100669,2026-06-15,treatment,Email,0,0.0,0.18,0,1
100684,2026-06-15,control,Organic,0,0.0,0.0,1,1
100771,2026-06-15,control,Organic,0,0.0,0.0,0,1
100819,2026-06-15,control,Email,0,0.0,0.18,0,1
100826,2026-06-15,control,Meta,0,0.0,1.35,1,1
100852,2026-06-15,control,Meta,0,0.0,1.35,1,1
100879,2026-06-15,control,Email,0,0.0,0.18,0,1
100985,2026-06-15,treatment,Organic,0,0.0,0.0,0,1
101041,2026-06-15,treatment,Organic,0,0.0,0.0,1,1
101054,2026-06-15,treatment,Meta,0,0.0,1.35,0,1
101098,2026-06-15,treatment,Paid Search,0,0.0,2.2,1,1
101203,2026-06-15,control,Meta,0,0.0,1.35,0,1
101254,2026-06-15,control,Paid Search,1,89.73,2.2,0,1
101260,2026-06-15,control,Paid Search,0,0.0,2.2,0,1
101392,2026-06-15,treatment,Organic,0,0.0,0.0,0,1
101446,2026-06-15,treatment,Email,0,0.0,0.18,0,1
101502,2026-06-15,control,Meta,0,0.0,1.35,0,1
101518,2026-06-15,treatment,Email,1,110.06,0.18,0,1
101605,2026-06-15,treatment,Organic,0,0.0,0.0,0,1
101670,2026-06-15,treatment,Email,1,52.14,0.18,1,1
101717,2026-06-15,control,Email,0,0.0,0.18,0,1
101759,2026-06-15,treatment,Organic,0,0.0,0.0,0,1
101771,2026-06-15,control,Paid Search,0,0.0,2.2,0,1
101798,2026-06-15,treatment,Organic,0,0.0,0.0,1,1
101819,2026-06-15,control,Organic,0,0.0,0.0,1,1
101945,2026-06-15,treatment,Meta,0,0.0,1.35,0,1
102018,2026-06-15,treatment,Paid Search,0,0.0,2.2,0,1
102047,2026-06-15,treatment,Paid Search,0,0.0,2.2,0,1
102063,2026-06-15,control,Email,0,0.0,0.18,1,1
102064,2026-06-15,control,Email,0,0.0,0.18,0,1
102125,2026-06-15,treatment,Paid Search,0,0.0,2.2,0,1
102227,2026-06-15,treatment,Email,0,0.0,0.18,0,1
100098,2026-06-16,treatment,Organic,0,0.0,0.0,0,1
100158,2026-06-16,treatment,Paid Search,0,0.0,2.2,0,1
100599,2026-06-16,control,Meta,0,0.0,1.35,0,1
100612,2026-06-16,treatment,Paid Search,0,0.0,2.2,0,1
100735,2026-06-16,treatment,Paid Search,0,0.0,2.2,0,1
100818,2026-06-16,control,Organic,0,0.0,0.0,0,1
100823,2026-06-16,control,Organic,0,0.0,0.0,0,1
100831,2026-06-16,control,Meta,0,0.0,1.35,0,1
100834,2026-06-16,control,Organic,0,0.0,0.0,0,1
100934,2026-06-16,control,Email,1,77.27,0.18,1,1
100982,2026-06-16,treatment,Organic,0,0.0,0.0,0,1
101065,2026-06-16,control,Email,0,0.0,0.18,0,1
101162,2026-06-16,treatment,Meta,0,0.0,1.35,0,1
101181,2026-06-16,control,Meta,0,0.0,1.35,0,1
101213,2026-06-16,treatment,Meta,0,0.0,1.35,0,1
101325,2026-06-16,control,Organic,0,0.0,0.0,0,1
101430,2026-06-16,treatment,Paid Search,0,0.0,2.2,1,1
101438,2026-06-16,treatment,Meta,0,0.0,1.35,0,1
101498,2026-06-16,treatment,Meta,0,0.0,1.35,0,1
101577,2026-06-16,treatment,Meta,0,0.0,1.35,0,1
101673,2026-06-16,treatment,Paid Search,1,117.32,2.2,0,1
101697,2026-06-16,control,Organic,1,126.78,0.0,0,1
101729,2026-06-16,treatment,Paid Search,0,0.0,2.2,1,1
101825,2026-06-16,control,Organic,0,0.0,0.0,0,1
101844,2026-06-16,control,Paid Search,0,0.0,2.2,0,1
101850,2026-06-16,treatment,Paid Search,0,0.0,2.2,0,1
101938,2026-06-16,treatment,Organic,0,0.0,0.0,0,1
102017,2026-06-16,control,Paid Search,0,0.0,2.2,0,1
102188,2026-06-16,treatment,Meta,0,0.0,1.35,0,1
102316,2026-06-16,control,Paid Search,0,0.0,2.2,0,1
102387,2026-06-16,control,Paid Search,0,0.0,2.2,0,1
100030,2026-06-17,treatment,Organic,1,86.86,0.0,0,1
100075,2026-06-17,control,Paid Search,0,0.0,2.2,0,1
100079,2026-06-17,control,Meta,0,0.0,1.35,0,1
100093,2026-06-17,treatment,Organic,0,0.0,0.0,0,1
100134,2026-06-17,treatment,Meta,0,0.0,1.35,0,1
100161,2026-06-17,control,Paid Search,0,0.0,2.2,0,1
100323,2026-06-17,control,Email,0,0.0,0.18,1,1
100330,2026-06-17,treatment,Organic,0,0.0,0.0,0,1
100336,2026-06-17,treatment,Meta,0,0.0,1.35,0,1
100408,2026-06-17,control,Meta,0,0.0,1.35,0,1
100446,2026-06-17,control,Organic,0,0.0,0.0,1,1
100454,2026-06-17,treatment,Paid Search,0,0.0,2.2,0,1
100462,2026-06-17,treatment,Meta,0,0.0,1.35,1,1
100569,2026-06-17,treatment,Paid Search,1,127.03,2.2,1,1
100631,2026-06-17,control,Meta,0,0.0,1.35,0,1
100640,2026-06-17,treatment,Organic,0,0.0,0.0,0,1
100642,2026-06-17,treatment,Paid Search,0,0.0,2.2,0,1
100653,2026-06-17,treatment,Organic,0,0.0,0.0,0,1
100718,2026-06-17,treatment,Paid Search,0,0.0,2.2,0,1
100754,2026-06-17,treatment,Meta,0,0.0,1.35,0,1
100793,2026-06-17,treatment,Organic,0,0.0,0.0,1,1
100817,2026-06-17,treatment,Organic,0,0.0,0.0,1,1
100837,2026-06-17,control,Organic,0,0.0,0.0,0,1
100845,2026-06-17,treatment,Meta,0,0.0,1.35,0,1
100933,2026-06-17,control,Organic,0,0.0,0.0,0,1
101038,2026-06-17,control,Organic,0,0.0,0.0,1,1
101214,2026-06-17,control,Meta,0,0.0,1.35,0,1
101308,2026-06-17,control,Meta,0,0.0,1.35,0,1
101311,2026-06-17,control,Email,0,0.0,0.18,0,1
101397,2026-06-17,control,Meta,0,0.0,1.35,0,1
101565,2026-06-17,control,Organic,0,0.0,0.0,1,1
101579,2026-06-17,treatment,Paid Search,0,0.0,2.2,0,1
101608,2026-06-17,treatment,Meta,0,0.0,1.35,0,1
101637,2026-06-17,control,Email,0,0.0,0.18,0,1
101641,2026-06-17,control,Organic,0,0.0,0.0,1,1
101695,2026-06-17,control,Email,0,0.0,0.18,0,1
101716,2026-06-17,treatment,Organic,0,0.0,0.0,0,1
101855,2026-06-17,treatment,Paid Search,0,0.0,2.2,0,1
101924,2026-06-17,control,Paid Search,0,0.0,2.2,0,1
101947,2026-06-17,control,Organic,0,0.0,0.0,1,1
102061,2026-06-17,treatment,Paid Search,0,0.0,2.2,0,1
102078,2026-06-17,treatment,Organic,0,0.0,0.0,0,1
102080,2026-06-17,control,Meta,0,0.0,1.35,1,1
102081,2026-06-17,treatment,Email,0,0.0,0.18,0,1
102144,2026-06-17,control,Email,0,0.0,0.18,0,1
102166,2026-06-17,control,Organic,0,0.0,0.0,0,1
102290,2026-06-17,treatment,Meta,0,0.0,1.35,1,1
102338,2026-06-17,control,Paid Search,0,0.0,2.2,1,1
102385,2026-06-17,treatment,Meta,0,0.0,1.35,0,1
100024,2026-06-18,control,Email,1,71.82,0.18,0,1
100047,2026-06-18,treatment,Paid Search,0,0.0,2.2,1,1
100141,2026-06-18,control,Email,0,0.0,0.18,0,1
100207,2026-06-18,treatment,Paid Search,1,96.82,2.2,0,1
100236,2026-06-18,control,Organic,0,0.0,0.0,0,1
100253,2026-06-18,control,Organic,0,0.0,0.0,0,1
100291,2026-06-18,treatment,Meta,0,0.0,1.35,1,1
100444,2026-06-18,control,Meta,0,0.0,1.35,0,1
100503,2026-06-18,treatment,Paid Search,0,0.0,2.2,0,1
100510,2026-06-18,control,Organic,0,0.0,0.0,0,1
100536,2026-06-18,treatment,Meta,0,0.0,1.35,1,1
100821,2026-06-18,control,Paid Search,0,0.0,2.2,0,1
100847,2026-06-18,treatment,Paid Search,0,0.0,2.2,0,1
100907,2026-06-18,control,Meta,0,0.0,1.35,0,1
100998,2026-06-18,treatment,Meta,0,0.0,1.35,0,1
101113,2026-06-18,treatment,Paid Search,0,0.0,2.2,0,1
101158,2026-06-18,treatment,Meta,0,0.0,1.35,0,1
101187,2026-06-18,control,Organic,0,0.0,0.0,0,1
101215,2026-06-18,control,Email,0,0.0,0.18,0,1
101241,2026-06-18,treatment,Paid Search,0,0.0,2.2,0,1
101316,2026-06-18,treatment,Paid Search,0,0.0,2.2,1,1
101330,2026-06-18,treatment,Paid Search,0,0.0,2.2,0,1
101365,2026-06-18,treatment,Paid Search,0,0.0,2.2,0,1
101513,2026-06-18,treatment,Organic,0,0.0,0.0,0,1
101590,2026-06-18,treatment,Paid Search,0,0.0,2.2,0,1
101591,2026-06-18,treatment,Paid Search,0,0.0,2.2,0,1
101638,2026-06-18,control,Paid Search,0,0.0,2.2,1,1
101640,2026-06-18,control,Paid Search,0,0.0,2.2,1,1
101664,2026-06-18,control,Paid Search,0,0.0,2.2,0,1
101760,2026-06-18,control,Email,0,0.0,0.18,0,1
101777,2026-06-18,treatment,Meta,0,0.0,1.35,0,1
101824,2026-06-18,treatment,Organic,0,0.0,0.0,0,1
101835,2026-06-18,control,Paid Search,0,0.0,2.2,0,1
101880,2026-06-18,treatment,Email,0,0.0,0.18,0,1
101897,2026-06-18,treatment,Meta,1,69.64,1.35,0,1
101909,2026-06-18,treatment,Paid Search,0,0.0,2.2,0,1
101922,2026-06-18,treatment,Meta,0,0.0,1.35,1,1
101940,2026-06-18,treatment,Paid Search,0,0.0,2.2,1,1
101941,2026-06-18,treatment,Meta,1,117.95,1.35,0,1
101976,2026-06-18,treatment,Organic,0,0.0,0.0,1,1
102181,2026-06-18,treatment,Organic,0,0.0,0.0,0,1
102182,2026-06-18,control,Organic,0,0.0,0.0,0,1
102217,2026-06-18,treatment,Meta,1,103.7,1.35,1,1
102239,2026-06-18,control,Organic,0,0.0,0.0,0,1
102253,2026-06-18,treatment,Paid Search,0,0.0,2.2,0,1
102347,2026-06-18,control,Email,0,0.0,0.18,0,1
102352,2026-06-18,control,Organic,0,0.0,0.0,1,1
102361,2026-06-18,control,Meta,0,0.0,1.35,0,1
102381,2026-06-18,control,Meta,1,50.69,1.35,1,1
102391,2026-06-18,treatment,Organic,1,71.65,0.0,0,1
100002,2026-06-19,control,Paid Search,1,86.92,2.2,0,1
100042,2026-06-19,control,Organic,0,0.0,0.0,1,1
100049,2026-06-19,treatment,Organic,0,0.0,0.0,1,1
100129,2026-06-19,treatment,Paid Search,0,0.0,2.2,1,1
100349,2026-06-19,treatment,Meta,0,0.0,1.35,1,1
100382,2026-06-19,control,Organic,1,104.11,0.0,1,1
100398,2026-06-19,control,Paid Search,0,0.0,2.2,0,1
100426,2026-06-19,treatment,Email,0,0.0,0.18,1,1
100484,2026-06-19,control,Organic,0,0.0,0.0,0,1
100516,2026-06-19,control,Organic,0,0.0,0.0,1,1
100701,2026-06-19,treatment,Meta,0,0.0,1.35,1,1
100709,2026-06-19,control,Meta,0,0.0,1.35,0,1
100755,2026-06-19,control,Organic,0,0.0,0.0,1,1
100766,2026-06-19,control,Paid Search,0,0.0,2.2,0,1
100848,2026-06-19,treatment,Paid Search,0,0.0,2.2,1,1
100872,2026-06-19,control,Paid Search,0,0.0,2.2,0,1
100977,2026-06-19,treatment,Meta,0,0.0,1.35,0,1
101003,2026-06-19,treatment,Organic,0,0.0,0.0,0,1
101050,2026-06-19,treatment,Organic,0,0.0,0.0,0,1
101062,2026-06-19,control,Meta,0,0.0,1.35,0,1
101088,2026-06-19,treatment,Organic,0,0.0,0.0,0,1
101128,2026-06-19,control,Paid Search,0,0.0,2.2,1,1
101130,2026-06-19,treatment,Paid Search,0,0.0,2.2,1,1
101141,2026-06-19,treatment,Organic,0,0.0,0.0,0,1
101356,2026-06-19,control,Organic,1,79.89,0.0,0,1
101377,2026-06-19,control,Meta,0,0.0,1.35,0,1
101448,2026-06-19,treatment,Organic,0,0.0,0.0,0,1
101457,2026-06-19,control,Email,0,0.0,0.18,0,1
101468,2026-06-19,treatment,Paid Search,0,0.0,2.2,1,1
101469,2026-06-19,control,Meta,0,0.0,1.35,0,1
101524,2026-06-19,control,Paid Search,0,0.0,2.2,1,1
101610,2026-06-19,treatment,Organic,0,0.0,0.0,0,1
101631,2026-06-19,control,Paid Search,0,0.0,2.2,1,1
101671,2026-06-19,treatment,Organic,0,0.0,0.0,1,1
101674,2026-06-19,control,Organic,0,0.0,0.0,0,1
101709,2026-06-19,control,Meta,0,0.0,1.35,1,1
101714,2026-06-19,treatment,Organic,0,0.0,0.0,0,1
101865,2026-06-19,treatment,Paid Search,0,0.0,2.2,1,1
101873,2026-06-19,treatment,Email,0,0.0,0.18,0,1
101904,2026-06-19,control,Meta,0,0.0,1.35,0,1
101963,2026-06-19,treatment,Meta,0,0.0,1.35,0,1
102013,2026-06-19,treatment,Email,0,0.0,0.18,0,1
102055,2026-06-19,control,Meta,0,0.0,1.35,0,1
102093,2026-06-19,control,Meta,0,0.0,1.35,0,1
102278,2026-06-19,control,Paid Search,0,0.0,2.2,0,1
102359,2026-06-19,treatment,Email,0,0.0,0.18,0,1
102362,2026-06-19,treatment,Meta,0,0.0,1.35,1,1
102372,2026-06-19,treatment,Organic,0,0.0,0.0,0,1
100237,2026-06-20,control,Paid Search,0,0.0,2.2,0,1
100274,2026-06-20,control,Email,1,98.84,0.18,0,1
100313,2026-06-20,treatment,Email,0,0.0,0.18,1,1
100319,2026-06-20,control,Paid Search,0,0.0,2.2,0,1
100371,2026-06-20,control,Meta,0,0.0,1.35,0,1
100467,2026-06-20,treatment,Paid Search,0,0.0,2.2,1,1
100493,2026-06-20,control,Meta,0,0.0,1.35,0,1
100585,2026-06-20,control,Meta,0,0.0,1.35,1,1
100600,2026-06-20,control,Meta,0,0.0,1.35,0,1
100652,2026-06-20,control,Meta,0,0.0,1.35,0,1
100683,2026-06-20,control,Paid Search,0,0.0,2.2,0,1
100737,2026-06-20,treatment,Email,1,103.02,0.18,0,1
100830,2026-06-20,treatment,Organic,0,0.0,0.0,0,1
100975,2026-06-20,treatment,Organic,0,0.0,0.0,1,1
100991,2026-06-20,treatment,Paid Search,0,0.0,2.2,0,1
101140,2026-06-20,control,Email,0,0.0,0.18,0,1
101200,2026-06-20,control,Meta,0,0.0,1.35,0,1
101222,2026-06-20,treatment,Paid Search,0,0.0,2.2,0,1
101243,2026-06-20,control,Paid Search,0,0.0,2.2,0,1
101374,2026-06-20,treatment,Organic,0,0.0,0.0,0,1
101391,2026-06-20,treatment,Meta,0,0.0,1.35,0,1
101414,2026-06-20,treatment,Organic,0,0.0,0.0,0,1
101483,2026-06-20,treatment,Paid Search,0,0.0,2.2,0,1
101718,2026-06-20,treatment,Meta,0,0.0,1.35,0,1
101862,2026-06-20,control,Organic,1,112.14,0.0,0,1
101882,2026-06-20,control,Organic,1,93.38,0.0,0,1
101927,2026-06-20,control,Meta,0,0.0,1.35,1,1
101934,2026-06-20,treatment,Meta,0,0.0,1.35,0,1
102123,2026-06-20,control,Paid Search,0,0.0,2.2,0,1
102171,2026-06-20,control,Organic,0,0.0,0.0,0,1
102176,2026-06-20,treatment,Organic,0,0.0,0.0,1,1
100019,2026-06-21,treatment,Paid Search,0,0.0,2.2,0,1
100050,2026-06-21,treatment,Paid Search,1,67.5,2.2,1,1
100105,2026-06-21,treatment,Meta,0,0.0,1.35,1,1
100187,2026-06-21,treatment,Meta,0,0.0,1.35,1,1
100193,2026-06-21,treatment,Meta,0,0.0,1.35,1,1
100224,2026-06-21,treatment,Meta,0,0.0,1.35,0,1
100251,2026-06-21,treatment,Organic,0,0.0,0.0,0,1
100369,2026-06-21,treatment,Paid Search,0,0.0,2.2,0,1
100373,2026-06-21,control,Paid Search,0,0.0,2.2,0,1
100406,2026-06-21,treatment,Email,0,0.0,0.18,0,1
100528,2026-06-21,control,Email,1,81.68,0.18,0,1
100578,2026-06-21,control,Meta,0,0.0,1.35,1,1
100762,2026-06-21,control,Meta,0,0.0,1.35,0,1
100878,2026-06-21,treatment,Paid Search,0,0.0,2.2,0,1
100887,2026-06-21,treatment,Organic,0,0.0,0.0,0,1
101013,2026-06-21,treatment,Email,1,103.63,0.18,0,1
101027,2026-06-21,treatment,Email,0,0.0,0.18,1,1
101178,2026-06-21,control,Meta,1,83.47,1.35,0,1
101245,2026-06-21,treatment,Email,0,0.0,0.18,0,1
101400,2026-06-21,treatment,Meta,0,0.0,1.35,0,1
101463,2026-06-21,control,Organic,0,0.0,0.0,1,1
101482,2026-06-21,control,Meta,0,0.0,1.35,0,1
101497,2026-06-21,control,Meta,1,88.74,1.35,1,1
101503,2026-06-21,treatment,Paid Search,0,0.0,2.2,0,1
101675,2026-06-21,treatment,Paid Search,0,0.0,2.2,0,1
101687,2026-06-21,treatment,Organic,0,0.0,0.0,0,1
101700,2026-06-21,control,Email,0,0.0,0.18,0,1
101741,2026-06-21,treatment,Paid Search,0,0.0,2.2,0,1
101752,2026-06-21,control,Meta,0,0.0,1.35,0,1
101790,2026-06-21,treatment,Meta,0,0.0,1.35,0,1
101797,2026-06-21,treatment,Meta,0,0.0,1.35,0,1
101800,2026-06-21,treatment,Meta,0,0.0,1.35,0,1
101829,2026-06-21,treatment,Paid Search,0,0.0,2.2,0,1
101864,2026-06-21,treatment,Paid Search,0,0.0,2.2,1,1
101868,2026-06-21,treatment,Organic,0,0.0,0.0,0,1
101981,2026-06-21,treatment,Meta,0,0.0,1.35,0,1
102005,2026-06-21,control,Meta,1,106.45,1.35,0,1
102051,2026-06-21,control,Paid Search,0,0.0,2.2,0,1
102153,2026-06-21,treatment,Meta,0,0.0,1.35,1,1
102167,2026-06-21,control,Meta,1,92.71,1.35,0,1
102221,2026-06-21,control,Meta,0,0.0,1.35,0,1
102235,2026-06-21,control,Paid Search,0,0.0,2.2,1,1
102288,2026-06-21,control,Paid Search,0,0.0,2.2,0,1
102326,2026-06-21,control,Organic,0,0.0,0.0,0,1
102327,2026-06-21,control,Email,0,0.0,0.18,0,1
102397,2026-06-21,treatment,Meta,0,0.0,1.35,0,1
100034,2026-06-22,treatment,Email,0,0.0,0.18,0,1
100115,2026-06-22,control,Meta,0,0.0,1.35,1,1
100331,2026-06-22,treatment,Paid Search,0,0.0,2.2,1,1
100372,2026-06-22,control,Organic,0,0.0,0.0,0,1
100388,2026-06-22,treatment,Email,1,91.67,0.18,1,1
100433,2026-06-22,control,Organic,0,0.0,0.0,1,1
100459,2026-06-22,control,Meta,0,0.0,1.35,0,1
100560,2026-06-22,treatment,Paid Search,0,0.0,2.2,0,1
100638,2026-06-22,control,Paid Search,0,0.0,2.2,0,1
100651,2026-06-22,control,Paid Search,0,0.0,2.2,0,1
100957,2026-06-22,treatment,Meta,0,0.0,1.35,0,1
101099,2026-06-22,control,Meta,0,0.0,1.35,0,1
101110,2026-06-22,treatment,Email,0,0.0,0.18,0,1
101331,2026-06-22,control,Paid Search,0,0.0,2.2,0,1
101515,2026-06-22,control,Meta,0,0.0,1.35,1,1
101585,2026-06-22,control,Email,0,0.0,0.18,0,1
101678,2026-06-22,control,Organic,0,0.0,0.0,1,1
101832,2026-06-22,treatment,Paid Search,0,0.0,2.2,0,1
101859,2026-06-22,treatment,Meta,0,0.0,1.35,0,1
101867,2026-06-22,treatment,Organic,0,0.0,0.0,0,1
101970,2026-06-22,treatment,Paid Search,1,104.34,2.2,0,1
102046,2026-06-22,control,Organic,0,0.0,0.0,0,1
102053,2026-06-22,treatment,Organic,0,0.0,0.0,0,1
102062,2026-06-22,control,Meta,0,0.0,1.35,0,1
102075,2026-06-22,treatment,Paid Search,1,62.72,2.2,0,1
102099,2026-06-22,control,Organic,0,0.0,0.0,0,1
102103,2026-06-22,control,Paid Search,0,0.0,2.2,0,1
102113,2026-06-22,treatment,Organic,0,0.0,0.0,0,1
102141,2026-06-22,control,Meta,0,0.0,1.35,0,1
102148,2026-06-22,treatment,Paid Search,0,0.0,2.2,0,1
102158,2026-06-22,control,Meta,0,0.0,1.35,1,1
102234,2026-06-22,control,Meta,0,0.0,1.35,0,1
102375,2026-06-22,treatment,Email,0,0.0,0.18,0,1
100020,2026-06-23,treatment,Paid Search,0,0.0,2.2,0,1
100223,2026-06-23,control,Organic,1,75.57,0.0,0,1
100260,2026-06-23,treatment,Organic,0,0.0,0.0,1,1
100271,2026-06-23,control,Meta,0,0.0,1.35,0,1
100397,2026-06-23,control,Organic,0,0.0,0.0,1,1
100422,2026-06-23,treatment,Email,1,93.68,0.18,0,1
100441,2026-06-23,treatment,Email,0,0.0,0.18,0,1
100450,2026-06-23,control,Email,1,87.9,0.18,0,1
100498,2026-06-23,treatment,Organic,0,0.0,0.0,0,1
100565,2026-06-23,treatment,Paid Search,0,0.0,2.2,0,1
100592,2026-06-23,treatment,Organic,0,0.0,0.0,0,1
100649,2026-06-23,treatment,Paid Search,1,111.85,2.2,1,1
100656,2026-06-23,control,Email,0,0.0,0.18,1,1
100703,2026-06-23,treatment,Email,0,0.0,0.18,0,1
100723,2026-06-23,treatment,Email,0,0.0,0.18,0,1
100773,2026-06-23,treatment,Meta,0,0.0,1.35,0,1
100899,2026-06-23,control,Organic,0,0.0,0.0,0,1
100902,2026-06-23,control,Meta,0,0.0,1.35,0,1
100969,2026-06-23,treatment,Meta,0,0.0,1.35,0,1
101024,2026-06-23,treatment,Meta,1,81.78,1.35,1,1
101036,2026-06-23,control,Email,1,93.2,0.18,0,1
101053,2026-06-23,control,Organic,1,82.53,0.0,0,1
101300,2026-06-23,treatment,Paid Search,1,93.79,2.2,1,1
101317,2026-06-23,treatment,Email,0,0.0,0.18,1,1
101346,2026-06-23,control,Meta,0,0.0,1.35,0,1
101357,2026-06-23,control,Organic,0,0.0,0.0,0,1
101378,2026-06-23,control,Paid Search,0,0.0,2.2,1,1
101413,2026-06-23,treatment,Meta,0,0.0,1.35,0,1
101499,2026-06-23,control,Meta,0,0.0,1.35,1,1
101557,2026-06-23,treatment,Paid Search,0,0.0,2.2,0,1
101573,2026-06-23,control,Paid Search,0,0.0,2.2,1,1
101676,2026-06-23,control,Meta,0,0.0,1.35,0,1
101834,2026-06-23,control,Meta,0,0.0,1.35,1,1
102009,2026-06-23,treatment,Meta,0,0.0,1.35,0,1
102091,2026-06-23,treatment,Paid Search,0,0.0,2.2,1,1
102194,2026-06-23,control,Paid Search,0,0.0,2.2,0,1
102202,2026-06-23,control,Email,0,0.0,0.18,0,1
102254,2026-06-23,treatment,Paid Search,0,0.0,2.2,0,1
102266,2026-06-23,control,Paid Search,0,0.0,2.2,0,1
102320,2026-06-23,treatment,Meta,1,70.52,1.35,0,1
100012,2026-06-24,treatment,Paid Search,0,0.0,2.2,0,1
100038,2026-06-24,treatment,Paid Search,0,0.0,2.2,0,1
100320,2026-06-24,treatment,Paid Search,0,0.0,2.2,1,1
100399,2026-06-24,control,Paid Search,0,0.0,2.2,0,1
100409,2026-06-24,control,Email,0,0.0,0.18,0,1
100431,2026-06-24,treatment,Email,0,0.0,0.18,1,1
100511,2026-06-24,control,Email,0,0.0,0.18,0,1
100561,2026-06-24,treatment,Paid Search,0,0.0,2.2,0,1
100591,2026-06-24,control,Meta,0,0.0,1.35,1,1
100614,2026-06-24,control,Email,0,0.0,0.18,0,1
100620,2026-06-24,control,Paid Search,1,75.47,2.2,0,1
100635,2026-06-24,control,Meta,0,0.0,1.35,0,1
100751,2026-06-24,control,Organic,0,0.0,0.0,0,1
100761,2026-06-24,control,Organic,0,0.0,0.0,0,1
100792,2026-06-24,control,Organic,0,0.0,0.0,0,1
100941,2026-06-24,treatment,Meta,0,0.0,1.35,0,1
101167,2026-06-24,control,Email,0,0.0,0.18,0,1
101293,2026-06-24,treatment,Paid Search,1,139.43,2.2,0,1
101304,2026-06-24,control,Meta,0,0.0,1.35,0,1
101459,2026-06-24,treatment,Meta,0,0.0,1.35,0,1
101490,2026-06-24,treatment,Organic,0,0.0,0.0,0,1
101537,2026-06-24,control,Email,0,0.0,0.18,0,1
101570,2026-06-24,treatment,Organic,0,0.0,0.0,0,1
101627,2026-06-24,control,Meta,0,0.0,1.35,0,1
101748,2026-06-24,control,Meta,0,0.0,1.35,0,1
101751,2026-06-24,treatment,Email,0,0.0,0.18,0,1
101754,2026-06-24,treatment,Email,0,0.0,0.18,1,1
101768,2026-06-24,treatment,Paid Search,0,0.0,2.2,0,1
101791,2026-06-24,control,Organic,0,0.0,0.0,1,1
101799,2026-06-24,control,Email,1,77.49,0.18,0,1
101813,2026-06-24,treatment,Organic,1,97.93,0.0,0,1
101833,2026-06-24,treatment,Email,0,0.0,0.18,0,1
101842,2026-06-24,treatment,Organic,1,130.0,0.0,1,1
101848,2026-06-24,treatment,Meta,0,0.0,1.35,0,1
101852,2026-06-24,control,Paid Search,0,0.0,2.2,0,1
101861,2026-06-24,treatment,Email,0,0.0,0.18,1,1
101928,2026-06-24,control,Organic,0,0.0,0.0,0,1
102035,2026-06-24,control,Meta,0,0.0,1.35,0,1
102050,2026-06-24,treatment,Meta,1,101.22,1.35,0,1
102374,2026-06-24,treatment,Email,1,92.41,0.18,0,1
102389,2026-06-24,control,Organic,0,0.0,0.0,0,1
100004,2026-06-25,treatment,Meta,0,0.0,1.35,0,1
100025,2026-06-25,control,Paid Search,0,0.0,2.2,1,1
100028,2026-06-25,control,Paid Search,0,0.0,2.2,0,1
100035,2026-06-25,control,Email,0,0.0,0.18,1,1
100107,2026-06-25,control,Email,0,0.0,0.18,0,1
100150,2026-06-25,control,Organic,0,0.0,0.0,1,1
100211,2026-06-25,treatment,Meta,0,0.0,1.35,1,1
100212,2026-06-25,treatment,Meta,0,0.0,1.35,0,1
100235,2026-06-25,control,Meta,0,0.0,1.35,1,1
100249,2026-06-25,control,Meta,0,0.0,1.35,0,1
100352,2026-06-25,treatment,Paid Search,1,125.3,2.2,0,1
100490,2026-06-25,treatment,Organic,1,82.61,0.0,0,1
100507,2026-06-25,treatment,Organic,0,0.0,0.0,1,1
100580,2026-06-25,control,Email,1,78.89,0.18,0,1
100603,2026-06-25,treatment,Email,0,0.0,0.18,0,1
100606,2026-06-25,control,Meta,0,0.0,1.35,0,1
100611,2026-06-25,treatment,Paid Search,1,96.73,2.2,0,1
100674,2026-06-25,control,Meta,0,0.0,1.35,0,1
100699,2026-06-25,treatment,Meta,0,0.0,1.35,1,1
100797,2026-06-25,treatment,Organic,0,0.0,0.0,0,1
100811,2026-06-25,control,Paid Search,0,0.0,2.2,0,1
100814,2026-06-25,control,Organic,0,0.0,0.0,0,1
100815,2026-06-25,control,Paid Search,0,0.0,2.2,0,1
100840,2026-06-25,control,Paid Search,1,63.98,2.2,0,1
100876,2026-06-25,treatment,Meta,1,83.34,1.35,0,1
100915,2026-06-25,treatment,Organic,1,83.99,0.0,1,1
100953,2026-06-25,control,Paid Search,0,0.0,2.2,0,1
101008,2026-06-25,control,Paid Search,1,91.62,2.2,0,1
101070,2026-06-25,control,Organic,0,0.0,0.0,0,1
101116,2026-06-25,treatment,Paid Search,0,0.0,2.2,0,1
101174,2026-06-25,treatment,Paid Search,0,0.0,2.2,0,1
101348,2026-06-25,control,Organic,0,0.0,0.0,0,1
101447,2026-06-25,control,Meta,0,0.0,1.35,0,1
101451,2026-06-25,treatment,Paid Search,0,0.0,2.2,0,1
101461,2026-06-25,treatment,Paid Search,0,0.0,2.2,0,1
101521,2026-06-25,treatment,Email,0,0.0,0.18,0,1
101552,2026-06-25,control,Email,0,0.0,0.18,0,1
101563,2026-06-25,control,Meta,0,0.0,1.35,0,1
101913,2026-06-25,treatment,Paid Search,1,103.78,2.2,0,1
102057,2026-06-25,treatment,Email,0,0.0,0.18,0,1
102118,2026-06-25,treatment,Paid Search,0,0.0,2.2,1,1
102155,2026-06-25,treatment,Paid Search,0,0.0,2.2,0,1
102157,2026-06-25,control,Organic,0,0.0,0.0,0,1
102164,2026-06-25,treatment,Paid Search,1,82.99,2.2,0,1
102179,2026-06-25,control,Organic,0,0.0,0.0,0,1
102208,2026-06-25,control,Organic,0,0.0,0.0,1,1
102245,2026-06-25,control,Organic,0,0.0,0.0,1,1
102296,2026-06-25,treatment,Email,0,0.0,0.18,0,1
102299,2026-06-25,treatment,Organic,0,0.0,0.0,1,1
102390,2026-06-25,treatment,Email,1,110.13,0.18,0,1
100029,2026-06-26,control,Meta,0,0.0,1.35,1,1
100041,2026-06-26,treatment,Organic,0,0.0,0.0,1,1
100059,2026-06-26,control,Email,0,0.0,0.18,0,1
100246,2026-06-26,treatment,Meta,0,0.0,1.35,0,1
100375,2026-06-26,treatment,Organic,0,0.0,0.0,0,1
100626,2026-06-26,treatment,Paid Search,0,0.0,2.2,1,1
100687,2026-06-26,control,Email,1,47.06,0.18,1,1
100720,2026-06-26,control,Organic,0,0.0,0.0,1,1
100748,2026-06-26,control,Meta,0,0.0,1.35,0,1
100774,2026-06-26,control,Paid Search,0,0.0,2.2,1,1
100783,2026-06-26,control,Meta,0,0.0,1.35,0,1
100846,2026-06-26,treatment,Paid Search,0,0.0,2.2,0,1
101119,2026-06-26,control,Meta,0,0.0,1.35,0,1
101192,2026-06-26,control,Organic,0,0.0,0.0,0,1
101194,2026-06-26,treatment,Organic,0,0.0,0.0,1,1
101208,2026-06-26,treatment,Organic,0,0.0,0.0,0,1
101218,2026-06-26,treatment,Email,0,0.0,0.18,1,1
101236,2026-06-26,control,Meta,0,0.0,1.35,0,1
101288,2026-06-26,treatment,Organic,0,0.0,0.0,0,1
101436,2026-06-26,control,Paid Search,0,0.0,2.2,0,1
101445,2026-06-26,treatment,Paid Search,0,0.0,2.2,0,1
101774,2026-06-26,treatment,Organic,1,71.28,0.0,1,1
101836,2026-06-26,control,Paid Search,0,0.0,2.2,0,1
101840,2026-06-26,treatment,Organic,0,0.0,0.0,0,1
101902,2026-06-26,treatment,Organic,0,0.0,0.0,0,1
101907,2026-06-26,treatment,Meta,0,0.0,1.35,0,1
102073,2026-06-26,control,Paid Search,0,0.0,2.2,1,1
102085,2026-06-26,control,Paid Search,0,0.0,2.2,1,1
102111,2026-06-26,treatment,Paid Search,0,0.0,2.2,1,1
102154,2026-06-26,treatment,Paid Search,1,93.89,2.2,1,1
102205,2026-06-26,treatment,Meta,0,0.0,1.35,0,1
102211,2026-06-26,treatment,Paid Search,0,0.0,2.2,0,1
102218,2026-06-26,control,Meta,0,0.0,1.35,0,1
102304,2026-06-26,control,Meta,0,0.0,1.35,0,1
102313,2026-06-26,treatment,Organic,0,0.0,0.0,0,1
100124,2026-06-27,treatment,Email,0,0.0,0.18,0,1
100142,2026-06-27,control,Paid Search,0,0.0,2.2,1,1
100190,2026-06-27,treatment,Meta,0,0.0,1.35,0,1
100216,2026-06-27,treatment,Meta,0,0.0,1.35,0,1
100244,2026-06-27,control,Organic,0,0.0,0.0,0,1
100268,2026-06-27,treatment,Meta,0,0.0,1.35,0,1
100273,2026-06-27,control,Meta,1,62.32,1.35,0,1
100289,2026-06-27,treatment,Email,0,0.0,0.18,0,1
100345,2026-06-27,treatment,Paid Search,0,0.0,2.2,1,1
100360,2026-06-27,control,Meta,0,0.0,1.35,0,1
100387,2026-06-27,treatment,Email,0,0.0,0.18,1,1
100389,2026-06-27,control,Email,0,0.0,0.18,0,1
100436,2026-06-27,treatment,Paid Search,1,112.06,2.2,0,1
100542,2026-06-27,treatment,Organic,0,0.0,0.0,0,1
100582,2026-06-27,treatment,Meta,0,0.0,1.35,0,1
100590,2026-06-27,treatment,Email,0,0.0,0.18,0,1
100594,2026-06-27,control,Meta,0,0.0,1.35,1,1
100688,2026-06-27,control,Paid Search,0,0.0,2.2,1,1
100715,2026-06-27,control,Organic,0,0.0,0.0,0,1
100889,2026-06-27,control,Paid Search,0,0.0,2.2,1,1
100931,2026-06-27,treatment,Meta,0,0.0,1.35,0,1
101089,2026-06-27,control,Meta,0,0.0,1.35,1,1
101095,2026-06-27,control,Meta,0,0.0,1.35,1,1
101134,2026-06-27,treatment,Paid Search,0,0.0,2.2,0,1
101148,2026-06-27,control,Meta,0,0.0,1.35,0,1
101562,2026-06-27,treatment,Meta,0,0.0,1.35,0,1
101667,2026-06-27,control,Organic,0,0.0,0.0,0,1
101776,2026-06-27,treatment,Paid Search,0,0.0,2.2,0,1
101841,2026-06-27,treatment,Organic,0,0.0,0.0,0,1
101853,2026-06-27,treatment,Meta,0,0.0,1.35,1,1
101883,2026-06-27,treatment,Organic,0,0.0,0.0,0,1
101926,2026-06-27,control,Meta,1,84.93,1.35,0,1
101989,2026-06-27,control,Meta,1,119.44,1.35,0,1
102003,2026-06-27,control,Organic,0,0.0,0.0,1,1
102024,2026-06-27,control,Meta,0,0.0,1.35,0,1
102054,2026-06-27,treatment,Email,0,0.0,0.18,0,1
102109,2026-06-27,control,Organic,0,0.0,0.0,0,1
102142,2026-06-27,control,Meta,0,0.0,1.35,0,1
102163,2026-06-27,control,Paid Search,0,0.0,2.2,0,1
102169,2026-06-27,treatment,Meta,0,0.0,1.35,1,1
102172,2026-06-27,control,Organic,0,0.0,0.0,0,1
102345,2026-06-27,treatment,Organic,0,0.0,0.0,0,1
100017,2026-06-28,treatment,Meta,0,0.0,1.35,0,1
100027,2026-06-28,control,Paid Search,0,0.0,2.2,1,1
100031,2026-06-28,treatment,Paid Search,0,0.0,2.2,0,1
100078,2026-06-28,treatment,Paid Search,0,0.0,2.2,0,1
100101,2026-06-28,treatment,Email,0,0.0,0.18,0,1
100170,2026-06-28,control,Email,0,0.0,0.18,1,1
100180,2026-06-28,control,Organic,0,0.0,0.0,0,1
100286,2026-06-28,control,Paid Search,0,0.0,2.2,0,1
100298,2026-06-28,control,Organic,1,108.47,0.0,0,1
100337,2026-06-28,treatment,Paid Search,0,0.0,2.2,1,1
100415,2026-06-28,control,Organic,0,0.0,0.0,0,1
100463,2026-06-28,treatment,Meta,0,0.0,1.35,1,1
100486,2026-06-28,treatment,Paid Search,0,0.0,2.2,1,1
100632,2026-06-28,control,Email,0,0.0,0.18,0,1
100702,2026-06-28,treatment,Organic,0,0.0,0.0,0,1
100722,2026-06-28,treatment,Paid Search,0,0.0,2.2,0,1
100770,2026-06-28,treatment,Meta,0,0.0,1.35,0,1
100839,2026-06-28,control,Meta,0,0.0,1.35,1,1
100962,2026-06-28,control,Organic,0,0.0,0.0,1,1
100988,2026-06-28,control,Paid Search,1,95.52,2.2,0,1
101023,2026-06-28,control,Organic,0,0.0,0.0,0,1
101121,2026-06-28,control,Paid Search,0,0.0,2.2,0,1
101164,2026-06-28,control,Paid Search,0,0.0,2.2,0,1
101206,2026-06-28,treatment,Meta,0,0.0,1.35,0,1
101229,2026-06-28,treatment,Email,0,0.0,0.18,0,1
101274,2026-06-28,treatment,Organic,0,0.0,0.0,0,1
101282,2026-06-28,control,Organic,0,0.0,0.0,0,1
101334,2026-06-28,treatment,Paid Search,0,0.0,2.2,0,1
101399,2026-06-28,treatment,Meta,1,121.96,1.35,0,1
101401,2026-06-28,treatment,Paid Search,0,0.0,2.2,0,1
101455,2026-06-28,treatment,Organic,0,0.0,0.0,0,1
101474,2026-06-28,control,Meta,0,0.0,1.35,1,1
101501,2026-06-28,treatment,Organic,0,0.0,0.0,0,1
101547,2026-06-28,control,Paid Search,0,0.0,2.2,0,1
101554,2026-06-28,control,Meta,0,0.0,1.35,0,1
101559,2026-06-28,treatment,Email,0,0.0,0.18,0,1
101582,2026-06-28,control,Paid Search,0,0.0,2.2,0,1
101587,2026-06-28,control,Paid Search,0,0.0,2.2,1,1
101642,2026-06-28,control,Email,0,0.0,0.18,0,1
101691,2026-06-28,treatment,Organic,0,0.0,0.0,1,1
101740,2026-06-28,treatment,Organic,0,0.0,0.0,0,1
101792,2026-06-28,treatment,Paid Search,0,0.0,2.2,1,1
101837,2026-06-28,treatment,Email,0,0.0,0.18,0,1
101973,2026-06-28,control,Email,0,0.0,0.18,0,1
101987,2026-06-28,treatment,Organic,0,0.0,0.0,1,1
101993,2026-06-28,control,Paid Search,0,0.0,2.2,1,1
102082,2026-06-28,treatment,Organic,0,0.0,0.0,0,1
102132,2026-06-28,treatment,Meta,0,0.0,1.35,0,1
102193,2026-06-28,treatment,Organic,0,0.0,0.0,0,1
102238,2026-06-28,control,Meta,0,0.0,1.35,0,1
102285,2026-06-28,control,Organic,0,0.0,0.0,0,1
102298,2026-06-28,control,Paid Search,0,0.0,2.2,1,1
102357,2026-06-28,treatment,Organic,0,0.0,0.0,0,1
102369,2026-06-28,treatment,Paid Search,0,0.0,2.2,1,1
100070,2026-06-29,control,Organic,0,0.0,0.0,0,1
100090,2026-06-29,treatment,Meta,0,0.0,1.35,0,1
100095,2026-06-29,control,Meta,0,0.0,1.35,0,1
100104,2026-06-29,control,Meta,0,0.0,1.35,0,1
100117,2026-06-29,control,Paid Search,0,0.0,2.2,1,1
100126,2026-06-29,control,Email,0,0.0,0.18,1,1
100182,2026-06-29,control,Organic,0,0.0,0.0,1,1
100194,2026-06-29,treatment,Organic,0,0.0,0.0,1,1
100252,2026-06-29,treatment,Meta,0,0.0,1.35,0,1
100314,2026-06-29,treatment,Email,0,0.0,0.18,0,1
100421,2026-06-29,treatment,Email,0,0.0,0.18,0,1
100455,2026-06-29,treatment,Paid Search,0,0.0,2.2,0,1
100577,2026-06-29,control,Organic,0,0.0,0.0,1,1
100581,2026-06-29,control,Meta,0,0.0,1.35,0,1
100664,2026-06-29,treatment,Email,0,0.0,0.18,0,1
100711,2026-06-29,control,Organic,0,0.0,0.0,0,1
100747,2026-06-29,control,Organic,0,0.0,0.0,1,1
100904,2026-06-29,treatment,Organic,0,0.0,0.0,0,1
100924,2026-06-29,control,Meta,0,0.0,1.35,0,1
100952,2026-06-29,treatment,Organic,0,0.0,0.0,0,1
101019,2026-06-29,treatment,Organic,0,0.0,0.0,1,1
101037,2026-06-29,treatment,Email,0,0.0,0.18,0,1
101101,2026-06-29,treatment,Email,1,75.19,0.18,1,1
101152,2026-06-29,treatment,Organic,1,118.53,0.0,0,1
101156,2026-06-29,control,Paid Search,0,0.0,2.2,0,1
101322,2026-06-29,control,Paid Search,0,0.0,2.2,1,1
101327,2026-06-29,treatment,Email,0,0.0,0.18,0,1
101343,2026-06-29,treatment,Meta,0,0.0,1.35,0,1
101429,2026-06-29,treatment,Meta,0,0.0,1.35,1,1
101434,2026-06-29,treatment,Paid Search,0,0.0,2.2,1,1
101541,2026-06-29,control,Meta,1,107.19,1.35,1,1
101693,2026-06-29,control,Email,0,0.0,0.18,0,1
101780,2026-06-29,treatment,Email,0,0.0,0.18,0,1
101874,2026-06-29,treatment,Paid Search,0,0.0,2.2,1,1
101972,2026-06-29,control,Organic,0,0.0,0.0,0,1
102072,2026-06-29,control,Organic,0,0.0,0.0,0,1
102076,2026-06-29,treatment,Email,0,0.0,0.18,0,1
102089,2026-06-29,treatment,Organic,0,0.0,0.0,0,1
102094,2026-06-29,control,Email,0,0.0,0.18,0,1
102098,2026-06-29,control,Email,0,0.0,0.18,0,1
102116,2026-06-29,treatment,Organic,0,0.0,0.0,0,1
102156,2026-06-29,control,Meta,0,0.0,1.35,0,1
102213,2026-06-29,control,Paid Search,0,0.0,2.2,1,1
102219,2026-06-29,treatment,Meta,0,0.0,1.35,1,1
102289,2026-06-29,treatment,Email,0,0.0,0.18,0,1
102295,2026-06-29,treatment,Email,0,0.0,0.18,0,1
102376,2026-06-29,control,Meta,0,0.0,1.35,0,1
102386,2026-06-29,control,Email,0,0.0,0.18,0,1
100082,2026-06-30,treatment,Organic,0,0.0,0.0,1,1
100083,2026-06-30,control,Organic,0,0.0,0.0,0,1
100111,2026-06-30,treatment,Paid Search,0,0.0,2.2,0,1
100172,2026-06-30,treatment,Paid Search,1,54.06,2.2,0,1
100259,2026-06-30,control,Organic,0,0.0,0.0,0,1
100267,2026-06-30,treatment,Paid Search,0,0.0,2.2,1,1
100279,2026-06-30,control,Organic,0,0.0,0.0,0,1
100424,2026-06-30,control,Paid Search,1,86.96,2.2,0,1
100517,2026-06-30,treatment,Meta,0,0.0,1.35,0,1
100568,2026-06-30,treatment,Meta,0,0.0,1.35,1,1
100586,2026-06-30,control,Paid Search,0,0.0,2.2,0,1
100658,2026-06-30,treatment,Organic,0,0.0,0.0,0,1
101046,2026-06-30,treatment,Email,0,0.0,0.18,0,1
101059,2026-06-30,control,Paid Search,0,0.0,2.2,0,1
101120,2026-06-30,treatment,Paid Search,0,0.0,2.2,0,1
101172,2026-06-30,control,Paid Search,0,0.0,2.2,0,1
101235,2026-06-30,treatment,Email,0,0.0,0.18,1,1
101251,2026-06-30,control,Organic,0,0.0,0.0,0,1
101478,2026-06-30,control,Meta,0,0.0,1.35,0,1
101604,2026-06-30,treatment,Paid Search,0,0.0,2.2,0,1
101626,2026-06-30,control,Paid Search,0,0.0,2.2,0,1
101686,2026-06-30,treatment,Meta,0,0.0,1.35,0,1
101815,2026-06-30,treatment,Organic,0,0.0,0.0,0,1
101912,2026-06-30,treatment,Organic,0,0.0,0.0,0,1
101961,2026-06-30,treatment,Organic,0,0.0,0.0,0,1
102025,2026-06-30,control,Email,0,0.0,0.18,0,1
102199,2026-06-30,treatment,Meta,1,141.06,1.35,0,1
102303,2026-06-30,control,Paid Search,0,0.0,2.2,0,1
102399,2026-06-30,control,Email,0,0.0,0.18,0,1
100148,2026-07-01,treatment,Email,0,0.0,0.18,0,1
100276,2026-07-01,control,Email,0,0.0,0.18,0,1
100400,2026-07-01,control,Email,0,0.0,0.18,0,1
100407,2026-07-01,treatment,Paid Search,0,0.0,2.2,0,1
100429,2026-07-01,treatment,Meta,0,0.0,1.35,0,1
100661,2026-07-01,control,Organic,0,0.0,0.0,1,1
100670,2026-07-01,control,Email,0,0.0,0.18,0,1
100726,2026-07-01,treatment,Organic,0,0.0,0.0,0,1
100750,2026-07-01,control,Paid Search,1,104.31,2.2,0,1
101029,2026-07-01,treatment,Paid Search,0,0.0,2.2,0,1
101112,2026-07-01,control,Organic,0,0.0,0.0,0,1
101114,2026-07-01,treatment,Email,0,0.0,0.18,1,1
101127,2026-07-01,treatment,Paid Search,0,0.0,2.2,1,1
101173,2026-07-01,control,Meta,0,0.0,1.35,0,1
101184,2026-07-01,control,Organic,0,0.0,0.0,0,1
101239,2026-07-01,control,Meta,0,0.0,1.35,0,1
101452,2026-07-01,treatment,Email,0,0.0,0.18,0,1
101649,2026-07-01,treatment,Paid Search,0,0.0,2.2,0,1
101657,2026-07-01,treatment,Meta,1,116.25,1.35,0,1
101660,2026-07-01,control,Email,0,0.0,0.18,1,1
101668,2026-07-01,treatment,Meta,0,0.0,1.35,0,1
101736,2026-07-01,treatment,Paid Search,0,0.0,2.2,1,1
101866,2026-07-01,treatment,Organic,0,0.0,0.0,0,1
101884,2026-07-01,treatment,Meta,0,0.0,1.35,0,1
101944,2026-07-01,treatment,Organic,0,0.0,0.0,0,1
102191,2026-07-01,control,Meta,0,0.0,1.35,0,1
102262,2026-07-01,control,Meta,0,0.0,1.35,0,1
102286,2026-07-01,treatment,Email,1,78.1,0.18,0,1
100145,2026-07-02,control,Organic,0,0.0,0.0,0,1
100146,2026-07-02,treatment,Meta,0,0.0,1.35,0,1
100149,2026-07-02,control,Paid Search,0,0.0,2.2,0,1
100156,2026-07-02,treatment,Paid Search,0,0.0,2.2,0,1
100366,2026-07-02,control,Meta,1,169.44,1.35,0,1
100378,2026-07-02,treatment,Organic,0,0.0,0.0,1,1
100428,2026-07-02,treatment,Paid Search,0,0.0,2.2,1,1
100432,2026-07-02,control,Email,0,0.0,0.18,0,1
100532,2026-07-02,control,Paid Search,0,0.0,2.2,0,1
100539,2026-07-02,control,Meta,0,0.0,1.35,0,1
100550,2026-07-02,control,Organic,0,0.0,0.0,0,1
100574,2026-07-02,control,Organic,0,0.0,0.0,0,1
100655,2026-07-02,control,Paid Search,0,0.0,2.2,1,1
100659,2026-07-02,control,Meta,0,0.0,1.35,0,1
100706,2026-07-02,control,Meta,0,0.0,1.35,0,1
100760,2026-07-02,treatment,Meta,0,0.0,1.35,0,1
100777,2026-07-02,treatment,Organic,1,71.04,0.0,0,1
100913,2026-07-02,control,Email,1,78.29,0.18,0,1
100958,2026-07-02,control,Paid Search,0,0.0,2.2,0,1
100993,2026-07-02,control,Meta,0,0.0,1.35,0,1
101073,2026-07-02,control,Email,0,0.0,0.18,0,1
101111,2026-07-02,control,Meta,0,0.0,1.35,0,1
101143,2026-07-02,control,Organic,1,94.62,0.0,0,1
101280,2026-07-02,treatment,Meta,0,0.0,1.35,0,1
101297,2026-07-02,treatment,Organic,0,0.0,0.0,0,1
101510,2026-07-02,treatment,Paid Search,0,0.0,2.2,0,1
101549,2026-07-02,treatment,Meta,0,0.0,1.35,0,1
101553,2026-07-02,control,Paid Search,0,0.0,2.2,1,1
101589,2026-07-02,treatment,Paid Search,0,0.0,2.2,1,1
101621,2026-07-02,treatment,Paid Search,0,0.0,2.2,0,1
101719,2026-07-02,treatment,Meta,1,120.73,1.35,0,1
101722,2026-07-02,treatment,Meta,0,0.0,1.35,0,1
101809,2026-07-02,treatment,Meta,0,0.0,1.35,0,1
101871,2026-07-02,treatment,Paid Search,0,0.0,2.2,0,1
101889,2026-07-02,treatment,Paid Search,0,0.0,2.2,0,1
101975,2026-07-02,control,Organic,0,0.0,0.0,0,1
102014,2026-07-02,treatment,Meta,0,0.0,1.35,1,1
102026,2026-07-02,control,Email,0,0.0,0.18,0,1
102101,2026-07-02,control,Meta,0,0.0,1.35,0,1
102236,2026-07-02,control,Meta,0,0.0,1.35,0,1
102270,2026-07-02,treatment,Organic,0,0.0,0.0,0,1
102292,2026-07-02,treatment,Organic,0,0.0,0.0,0,1
102311,2026-07-02,control,Email,0,0.0,0.18,1,1
102322,2026-07-02,control,Meta,0,0.0,1.35,1,1
100214,2026-07-03,treatment,Meta,0,0.0,1.35,0,1
100225,2026-07-03,treatment,Paid Search,0,0.0,2.2,0,1
100264,2026-07-03,treatment,Organic,0,0.0,0.0,0,1
100275,2026-07-03,treatment,Meta,0,0.0,1.35,0,1
100332,2026-07-03,control,Paid Search,0,0.0,2.2,0,1
100346,2026-07-03,control,Meta,0,0.0,1.35,0,1
100437,2026-07-03,treatment,Meta,1,89.15,1.35,0,1
100472,2026-07-03,treatment,Organic,0,0.0,0.0,1,1
100480,2026-07-03,treatment,Paid Search,0,0.0,2.2,0,1
100488,2026-07-03,control,Organic,0,0.0,0.0,0,1
100584,2026-07-03,control,Meta,0,0.0,1.35,0,1
100588,2026-07-03,treatment,Email,0,0.0,0.18,0,1
100672,2026-07-03,control,Meta,0,0.0,1.35,0,1
100730,2026-07-03,control,Organic,0,0.0,0.0,0,1
100785,2026-07-03,control,Email,0,0.0,0.18,0,1
100786,2026-07-03,control,Paid Search,0,0.0,2.2,0,1
100813,2026-07-03,treatment,Meta,0,0.0,1.35,0,1
100849,2026-07-03,control,Organic,1,97.91,0.0,0,1
100877,2026-07-03,control,Paid Search,0,0.0,2.2,1,1
100930,2026-07-03,treatment,Paid Search,0,0.0,2.2,0,1
101159,2026-07-03,treatment,Email,1,45.94,0.18,1,1
101210,2026-07-03,control,Organic,0,0.0,0.0,0,1
101269,2026-07-03,control,Meta,0,0.0,1.35,0,1
101272,2026-07-03,control,Meta,0,0.0,1.35,0,1
101277,2026-07-03,treatment,Email,0,0.0,0.18,0,1
101370,2026-07-03,treatment,Organic,0,0.0,0.0,0,1
101433,2026-07-03,control,Organic,0,0.0,0.0,0,1
101507,2026-07-03,treatment,Email,0,0.0,0.18,0,1
101540,2026-07-03,treatment,Paid Search,0,0.0,2.2,0,1
101636,2026-07-03,treatment,Paid Search,1,85.7,2.2,0,1
101772,2026-07-03,treatment,Email,0,0.0,0.18,0,1
101784,2026-07-03,control,Organic,0,0.0,0.0,0,1
101857,2026-07-03,control,Paid Search,0,0.0,2.2,0,1
101948,2026-07-03,control,Organic,1,111.06,0.0,0,1
101949,2026-07-03,control,Meta,0,0.0,1.35,1,1
101977,2026-07-03,treatment,Meta,0,0.0,1.35,0,1
101982,2026-07-03,treatment,Paid Search,0,0.0,2.2,0,1
101994,2026-07-03,control,Email,0,0.0,0.18,0,1
101998,2026-07-03,treatment,Meta,0,0.0,1.35,0,1
102033,2026-07-03,treatment,Organic,0,0.0,0.0,0,1
102165,2026-07-03,treatment,Organic,0,0.0,0.0,0,1
102204,2026-07-03,control,Meta,1,109.22,1.35,0,1
102280,2026-07-03,treatment,Organic,0,0.0,0.0,1,1
102309,2026-07-03,treatment,Paid Search,0,0.0,2.2,1,1
100009,2026-07-04,treatment,Meta,0,0.0,1.35,0,1
100013,2026-07-04,control,Paid Search,0,0.0,2.2,0,1
100036,2026-07-04,control,Organic,0,0.0,0.0,0,1
100067,2026-07-04,control,Organic,1,100.96,0.0,0,1
100118,2026-07-04,treatment,Organic,0,0.0,0.0,1,1
100121,2026-07-04,treatment,Meta,0,0.0,1.35,0,1
100127,2026-07-04,treatment,Meta,0,0.0,1.35,0,1
100309,2026-07-04,treatment,Email,0,0.0,0.18,0,1
100365,2026-07-04,treatment,Email,0,0.0,0.18,0,1
100487,2026-07-04,treatment,Meta,0,0.0,1.35,0,1
100546,2026-07-04,control,Organic,0,0.0,0.0,0,1
100557,2026-07-04,treatment,Organic,0,0.0,0.0,1,1
100654,2026-07-04,control,Meta,0,0.0,1.35,0,1
100680,2026-07-04,treatment,Meta,0,0.0,1.35,0,1
100779,2026-07-04,treatment,Organic,0,0.0,0.0,0,1
100782,2026-07-04,treatment,Paid Search,1,139.65,2.2,0,1
100836,2026-07-04,control,Email,1,133.31,0.18,0,1
100873,2026-07-04,control,Email,0,0.0,0.18,0,1
100886,2026-07-04,control,Organic,0,0.0,0.0,0,1
100927,2026-07-04,treatment,Paid Search,0,0.0,2.2,0,1
100963,2026-07-04,control,Paid Search,0,0.0,2.2,0,1
101069,2026-07-04,control,Meta,0,0.0,1.35,0,1
101077,2026-07-04,control,Email,0,0.0,0.18,0,1
101080,2026-07-04,control,Meta,0,0.0,1.35,0,1
101417,2026-07-04,treatment,Paid Search,0,0.0,2.2,1,1
101439,2026-07-04,control,Email,0,0.0,0.18,0,1
101460,2026-07-04,control,Paid Search,0,0.0,2.2,1,1
101542,2026-07-04,treatment,Paid Search,0,0.0,2.2,0,1
101663,2026-07-04,treatment,Meta,0,0.0,1.35,1,1
101727,2026-07-04,control,Email,1,114.55,0.18,0,1
101843,2026-07-04,control,Paid Search,0,0.0,2.2,1,1
101878,2026-07-04,control,Organic,0,0.0,0.0,0,1
101920,2026-07-04,control,Organic,0,0.0,0.0,0,1
101992,2026-07-04,control,Email,0,0.0,0.18,0,1
102104,2026-07-04,treatment,Email,0,0.0,0.18,1,1
102267,2026-07-04,treatment,Email,1,45.9,0.18,1,1
102315,2026-07-04,control,Organic,0,0.0,0.0,1,1
102325,2026-07-04,treatment,Meta,0,0.0,1.35,0,1
100277,2026-07-05,control,Paid Search,0,0.0,2.2,0,1
100379,2026-07-05,control,Meta,0,0.0,1.35,0,1
100392,2026-07-05,treatment,Email,0,0.0,0.18,0,1
100396,2026-07-05,treatment,Meta,0,0.0,1.35,1,1
100475,2026-07-05,treatment,Paid Search,1,99.27,2.2,0,1
100520,2026-07-05,treatment,Paid Search,0,0.0,2.2,1,1
100682,2026-07-05,treatment,Meta,0,0.0,1.35,0,1
100713,2026-07-05,treatment,Meta,0,0.0,1.35,0,1
100809,2026-07-05,control,Paid Search,0,0.0,2.2,0,1
100822,2026-07-05,treatment,Organic,0,0.0,0.0,0,1
100856,2026-07-05,control,Email,0,0.0,0.18,0,1
100868,2026-07-05,control,Meta,0,0.0,1.35,0,1
100922,2026-07-05,treatment,Meta,0,0.0,1.35,0,1
100923,2026-07-05,control,Meta,0,0.0,1.35,1,1
101022,2026-07-05,control,Paid Search,1,76.67,2.2,1,1
101081,2026-07-05,control,Email,0,0.0,0.18,0,1
101117,2026-07-05,control,Paid Search,0,0.0,2.2,1,1
101147,2026-07-05,treatment,Paid Search,0,0.0,2.2,0,1
101163,2026-07-05,treatment,Paid Search,1,80.65,2.2,1,1
101238,2026-07-05,treatment,Organic,0,0.0,0.0,0,1
101283,2026-07-05,control,Organic,0,0.0,0.0,0,1
101329,2026-07-05,control,Organic,0,0.0,0.0,0,1
101425,2026-07-05,control,Email,1,75.18,0.18,0,1
101514,2026-07-05,control,Paid Search,0,0.0,2.2,0,1
101558,2026-07-05,treatment,Paid Search,0,0.0,2.2,0,1
101629,2026-07-05,control,Meta,0,0.0,1.35,0,1
101666,2026-07-05,treatment,Meta,0,0.0,1.35,0,1
101742,2026-07-05,control,Meta,0,0.0,1.35,0,1
101826,2026-07-05,treatment,Email,0,0.0,0.18,0,1
101847,2026-07-05,treatment,Organic,0,0.0,0.0,0,1
101870,2026-07-05,control,Organic,0,0.0,0.0,0,1
102015,2026-07-05,control,Meta,0,0.0,1.35,1,1
102027,2026-07-05,control,Meta,0,0.0,1.35,1,1
102130,2026-07-05,control,Organic,0,0.0,0.0,0,1
102224,2026-07-05,treatment,Meta,0,0.0,1.35,1,1
102274,2026-07-05,treatment,Email,0,0.0,0.18,0,1
102297,2026-07-05,control,Paid Search,0,0.0,2.2,0,1
102306,2026-07-05,treatment,Paid Search,0,0.0,2.2,0,1
100011,2026-07-06,treatment,Email,0,0.0,0.18,0,1
100022,2026-07-06,treatment,Organic,0,0.0,0.0,0,1
100072,2026-07-06,treatment,Meta,0,0.0,1.35,0,1
100201,2026-07-06,control,Organic,0,0.0,0.0,0,1
100294,2026-07-06,treatment,Email,0,0.0,0.18,0,1
100324,2026-07-06,treatment,Paid Search,0,0.0,2.2,0,1
100341,2026-07-06,control,Email,0,0.0,0.18,1,1
100476,2026-07-06,control,Meta,0,0.0,1.35,0,1
100483,2026-07-06,control,Paid Search,0,0.0,2.2,0,1
100705,2026-07-06,control,Meta,0,0.0,1.35,0,1
100920,2026-07-06,treatment,Email,1,99.66,0.18,1,1
101064,2026-07-06,control,Organic,0,0.0,0.0,0,1
101166,2026-07-06,control,Email,0,0.0,0.18,0,1
101275,2026-07-06,treatment,Meta,0,0.0,1.35,0,1
101291,2026-07-06,control,Email,0,0.0,0.18,0,1
101340,2026-07-06,control,Meta,0,0.0,1.35,0,1
101420,2026-07-06,control,Organic,0,0.0,0.0,0,1
101422,2026-07-06,treatment,Organic,0,0.0,0.0,0,1
101426,2026-07-06,control,Meta,0,0.0,1.35,1,1
101427,2026-07-06,treatment,Organic,0,0.0,0.0,1,1
101477,2026-07-06,control,Meta,0,0.0,1.35,0,1
101546,2026-07-06,treatment,Meta,0,0.0,1.35,1,1
101606,2026-07-06,control,Organic,0,0.0,0.0,0,1
101694,2026-07-06,treatment,Paid Search,0,0.0,2.2,0,1
101705,2026-07-06,control,Meta,0,0.0,1.35,0,1
101711,2026-07-06,control,Meta,0,0.0,1.35,0,1
101786,2026-07-06,control,Paid Search,0,0.0,2.2,1,1
101804,2026-07-06,treatment,Email,0,0.0,0.18,0,1
101808,2026-07-06,control,Paid Search,0,0.0,2.2,0,1
101818,2026-07-06,control,Email,0,0.0,0.18,0,1
101846,2026-07-06,treatment,Organic,0,0.0,0.0,1,1
101863,2026-07-06,control,Meta,0,0.0,1.35,0,1
101881,2026-07-06,control,Organic,0,0.0,0.0,1,1
101908,2026-07-06,control,Organic,0,0.0,0.0,0,1
102074,2026-07-06,control,Paid Search,0,0.0,2.2,0,1
102084,2026-07-06,treatment,Organic,0,0.0,0.0,0,1
102124,2026-07-06,treatment,Paid Search,0,0.0,2.2,0,1
102189,2026-07-06,control,Organic,0,0.0,0.0,0,1
102215,2026-07-06,control,Organic,0,0.0,0.0,0,1
102243,2026-07-06,control,Organic,0,0.0,0.0,0,1
102250,2026-07-06,control,Paid Search,0,0.0,2.2,0,1
102310,2026-07-06,treatment,Paid Search,0,0.0,2.2,0,1
102363,2026-07-06,control,Paid Search,1,72.14,2.2,0,1
100060,2026-07-07,control,Paid Search,0,0.0,2.2,0,1
100074,2026-07-07,treatment,Meta,1,77.37,1.35,0,1
100077,2026-07-07,treatment,Organic,0,0.0,0.0,0,1
100144,2026-07-07,treatment,Organic,0,0.0,0.0,0,1
100234,2026-07-07,treatment,Organic,0,0.0,0.0,0,1
100311,2026-07-07,treatment,Meta,0,0.0,1.35,1,1
100350,2026-07-07,control,Meta,0,0.0,1.35,0,1
100420,2026-07-07,treatment,Organic,0,0.0,0.0,0,1
100435,2026-07-07,treatment,Paid Search,0,0.0,2.2,0,1
100443,2026-07-07,control,Meta,0,0.0,1.35,0,1
100445,2026-07-07,treatment,Email,0,0.0,0.18,0,1
100492,2026-07-07,control,Email,0,0.0,0.18,0,1
100504,2026-07-07,control,Organic,0,0.0,0.0,0,1
100509,2026-07-07,control,Paid Search,0,0.0,2.2,1,1
100543,2026-07-07,treatment,Email,0,0.0,0.18,0,1
100576,2026-07-07,treatment,Paid Search,0,0.0,2.2,0,1
100598,2026-07-07,control,Email,0,0.0,0.18,0,1
100639,2026-07-07,control,Email,1,53.81,0.18,0,1
100660,2026-07-07,treatment,Paid Search,0,0.0,2.2,0,1
100816,2026-07-07,control,Paid Search,0,0.0,2.2,1,1
100917,2026-07-07,control,Paid Search,0,0.0,2.2,1,1
100971,2026-07-07,treatment,Meta,0,0.0,1.35,0,1
100981,2026-07-07,treatment,Meta,0,0.0,1.35,1,1
100999,2026-07-07,treatment,Email,0,0.0,0.18,1,1
101047,2026-07-07,control,Meta,0,0.0,1.35,0,1
101321,2026-07-07,control,Paid Search,0,0.0,2.2,1,1
101386,2026-07-07,treatment,Paid Search,0,0.0,2.2,0,1
101389,2026-07-07,control,Organic,0,0.0,0.0,0,1
101475,2026-07-07,treatment,Meta,0,0.0,1.35,0,1
101561,2026-07-07,treatment,Paid Search,0,0.0,2.2,0,1
101715,2026-07-07,treatment,Paid Search,0,0.0,2.2,0,1
101854,2026-07-07,control,Organic,0,0.0,0.0,0,1
101860,2026-07-07,treatment,Meta,0,0.0,1.35,0,1
101997,2026-07-07,control,Email,0,0.0,0.18,0,1
102020,2026-07-07,control,Paid Search,0,0.0,2.2,1,1
102069,2026-07-07,control,Organic,0,0.0,0.0,0,1
102183,2026-07-07,treatment,Meta,0,0.0,1.35,0,1
102335,2026-07-07,treatment,Paid Search,0,0.0,2.2,0,1
102354,2026-07-07,control,Organic,0,0.0,0.0,0,1
100014,2026-07-08,treatment,Meta,0,0.0,1.35,0,1
100080,2026-07-08,treatment,Organic,1,136.12,0.0,0,1
100120,2026-07-08,control,Organic,0,0.0,0.0,0,1
100138,2026-07-08,control,Meta,0,0.0,1.35,0,1
100293,2026-07-08,treatment,Email,0,0.0,0.18,0,1
100478,2026-07-08,control,Email,1,112.49,0.18,0,1
100562,2026-07-08,control,Meta,0,0.0,1.35,1,1
100566,2026-07-08,control,Paid Search,0,0.0,2.2,0,1
100609,2026-07-08,control,Meta,0,0.0,1.35,0,1
100622,2026-07-08,treatment,Email,0,0.0,0.18,0,1
100633,2026-07-08,treatment,Email,1,102.27,0.18,0,1
100634,2026-07-08,control,Email,0,0.0,0.18,0,1
100648,2026-07-08,treatment,Email,0,0.0,0.18,0,1
100679,2026-07-08,control,Organic,0,0.0,0.0,1,1
100820,2026-07-08,treatment,Meta,0,0.0,1.35,0,1
100858,2026-07-08,treatment,Organic,0,0.0,0.0,0,1
100862,2026-07-08,control,Meta,0,0.0,1.35,1,1
100932,2026-07-08,control,Paid Search,1,110.33,2.2,1,1
100954,2026-07-08,control,Email,0,0.0,0.18,0,1
101009,2026-07-08,control,Meta,0,0.0,1.35,0,1
101076,2026-07-08,control,Email,0,0.0,0.18,1,1
101151,2026-07-08,control,Paid Search,0,0.0,2.2,0,1
101196,2026-07-08,control,Meta,0,0.0,1.35,0,1
101220,2026-07-08,control,Paid Search,0,0.0,2.2,0,1
101242,2026-07-08,treatment,Email,0,0.0,0.18,1,1
101249,2026-07-08,treatment,Paid Search,0,0.0,2.2,0,1
101314,2026-07-08,treatment,Organic,0,0.0,0.0,0,1
101394,2026-07-08,treatment,Paid Search,0,0.0,2.2,0,1
101403,2026-07-08,treatment,Meta,0,0.0,1.35,0,1
101494,2026-07-08,treatment,Meta,0,0.0,1.35,0,1
101645,2026-07-08,control,Paid Search,0,0.0,2.2,1,1
101747,2026-07-08,treatment,Email,0,0.0,0.18,0,1
101831,2026-07-08,control,Organic,0,0.0,0.0,0,1
101950,2026-07-08,control,Paid Search,0,0.0,2.2,1,1
101966,2026-07-08,treatment,Paid Search,0,0.0,2.2,0,1
102012,2026-07-08,treatment,Paid Search,0,0.0,2.2,0,1
102068,2026-07-08,treatment,Meta,1,117.72,1.35,0,1
102225,2026-07-08,treatment,Organic,0,0.0,0.0,0,1
102233,2026-07-08,treatment,Organic,0,0.0,0.0,0,1
102271,2026-07-08,treatment,Organic,1,123.3,0.0,0,1
102282,2026-07-08,treatment,Organic,0,0.0,0.0,0,1
102317,2026-07-08,control,Email,0,0.0,0.18,0,1
102323,2026-07-08,treatment,Organic,0,0.0,0.0,0,1
102333,2026-07-08,treatment,Paid Search,0,0.0,2.2,0,1
102380,2026-07-08,treatment,Organic,0,0.0,0.0,1,1
100054,2026-07-09,treatment,Email,1,80.7,0.18,0,1
100088,2026-07-09,treatment,Organic,0,0.0,0.0,1,1
100135,2026-07-09,treatment,Organic,0,0.0,0.0,1,1
100151,2026-07-09,control,Meta,0,0.0,1.35,0,1
100200,2026-07-09,treatment,Email,0,0.0,0.18,0,1
100217,2026-07-09,treatment,Organic,0,0.0,0.0,0,1
100328,2026-07-09,treatment,Meta,0,0.0,1.35,0,1
100383,2026-07-09,treatment,Paid Search,0,0.0,2.2,1,1
100403,2026-07-09,control,Email,0,0.0,0.18,1,1
100442,2026-07-09,treatment,Organic,0,0.0,0.0,0,1
100456,2026-07-09,control,Paid Search,0,0.0,2.2,0,1
100519,2026-07-09,control,Paid Search,0,0.0,2.2,0,1
100618,2026-07-09,control,Paid Search,0,0.0,2.2,0,1
100784,2026-07-09,control,Paid Search,0,0.0,2.2,0,1
100860,2026-07-09,treatment,Meta,0,0.0,1.35,0,1
100939,2026-07-09,control,Paid Search,0,0.0,2.2,0,1
100944,2026-07-09,control,Paid Search,0,0.0,2.2,1,1
101025,2026-07-09,treatment,Meta,1,115.49,1.35,0,1
101093,2026-07-09,treatment,Email,0,0.0,0.18,0,1
101132,2026-07-09,control,Paid Search,0,0.0,2.2,0,1
101281,2026-07-09,control,Organic,0,0.0,0.0,0,1
101345,2026-07-09,treatment,Organic,1,82.12,0.0,0,1
101351,2026-07-09,control,Email,0,0.0,0.18,0,1
101390,2026-07-09,control,Meta,0,0.0,1.35,0,1
101418,2026-07-09,control,Meta,0,0.0,1.35,0,1
101569,2026-07-09,treatment,Organic,0,0.0,0.0,0,1
101650,2026-07-09,treatment,Organic,0,0.0,0.0,0,1
101652,2026-07-09,treatment,Meta,1,111.31,1.35,0,1
101653,2026-07-09,treatment,Meta,0,0.0,1.35,1,1
101690,2026-07-09,control,Email,1,123.03,0.18,1,1
101758,2026-07-09,control,Paid Search,0,0.0,2.2,1,1
101770,2026-07-09,control,Paid Search,0,0.0,2.2,1,1
101802,2026-07-09,control,Paid Search,0,0.0,2.2,0,1
101894,2026-07-09,control,Email,0,0.0,0.18,0,1
101900,2026-07-09,control,Paid Search,0,0.0,2.2,0,1
101918,2026-07-09,control,Organic,0,0.0,0.0,1,1
101968,2026-07-09,control,Meta,0,0.0,1.35,0,1
101969,2026-07-09,control,Paid Search,0,0.0,2.2,0,1
102029,2026-07-09,control,Email,0,0.0,0.18,1,1
102041,2026-07-09,treatment,Paid Search,0,0.0,2.2,1,1
102143,2026-07-09,control,Email,1,123.5,0.18,0,1
102268,2026-07-09,control,Organic,0,0.0,0.0,0,1
102287,2026-07-09,treatment,Paid Search,0,0.0,2.2,0,1
102360,2026-07-09,control,Paid Search,0,0.0,2.2,0,1
100130,2026-07-10,control,Meta,0,0.0,1.35,0,1
100153,2026-07-10,control,Organic,0,0.0,0.0,0,1
100191,2026-07-10,control,Organic,1,84.22,0.0,0,1
100218,2026-07-10,treatment,Paid Search,0,0.0,2.2,0,1
100301,2026-07-10,treatment,Email,0,0.0,0.18,0,1
100333,2026-07-10,control,Email,0,0.0,0.18,0,1
100385,2026-07-10,control,Email,0,0.0,0.18,1,1
100418,2026-07-10,treatment,Email,1,48.85,0.18,0,1
100438,2026-07-10,treatment,Email,0,0.0,0.18,0,1
100471,2026-07-10,control,Meta,0,0.0,1.35,1,1
100553,2026-07-10,treatment,Paid Search,0,0.0,2.2,1,1
100563,2026-07-10,control,Paid Search,0,0.0,2.2,1,1
100589,2026-07-10,control,Meta,1,128.96,1.35,0,1
100647,2026-07-10,treatment,Email,0,0.0,0.18,0,1
100698,2026-07-10,control,Organic,0,0.0,0.0,0,1
100875,2026-07-10,control,Email,0,0.0,0.18,0,1
100914,2026-07-10,control,Paid Search,0,0.0,2.2,0,1
100943,2026-07-10,treatment,Paid Search,1,93.8,2.2,0,1
100970,2026-07-10,treatment,Organic,0,0.0,0.0,0,1
101048,2026-07-10,treatment,Meta,0,0.0,1.35,0,1
101072,2026-07-10,control,Email,0,0.0,0.18,0,1
101100,2026-07-10,treatment,Organic,0,0.0,0.0,0,1
101122,2026-07-10,treatment,Paid Search,0,0.0,2.2,0,1
101216,2026-07-10,treatment,Organic,0,0.0,0.0,1,1
101232,2026-07-10,treatment,Paid Search,0,0.0,2.2,1,1
101318,2026-07-10,control,Meta,1,99.88,1.35,0,1
101412,2026-07-10,treatment,Organic,0,0.0,0.0,1,1
101424,2026-07-10,control,Paid Search,1,84.2,2.2,1,1
101437,2026-07-10,treatment,Email,0,0.0,0.18,1,1
101496,2026-07-10,control,Paid Search,0,0.0,2.2,0,1
101571,2026-07-10,treatment,Meta,0,0.0,1.35,0,1
101601,2026-07-10,treatment,Paid Search,1,49.62,2.2,0,1
101689,2026-07-10,treatment,Email,0,0.0,0.18,0,1
101707,2026-07-10,control,Meta,0,0.0,1.35,0,1
101828,2026-07-10,control,Meta,0,0.0,1.35,0,1
101896,2026-07-10,treatment,Meta,0,0.0,1.35,1,1
101931,2026-07-10,control,Email,1,65.48,0.18,1,1
101958,2026-07-10,treatment,Email,0,0.0,0.18,1,1
102004,2026-07-10,treatment,Paid Search,0,0.0,2.2,0,1
102100,2026-07-10,treatment,Organic,0,0.0,0.0,0,1
102162,2026-07-10,control,Email,0,0.0,0.18,0,1
102302,2026-07-10,control,Meta,0,0.0,1.35,0,1
102394,2026-07-10,treatment,Paid Search,0,0.0,2.2,0,1
100058,2026-07-11,control,Meta,0,0.0,1.35,0,1
100106,2026-07-11,control,Organic,0,0.0,0.0,0,1
100137,2026-07-11,control,Paid Search,0,0.0,2.2,0,1
100229,2026-07-11,control,Organic,0,0.0,0.0,1,1
100239,2026-07-11,treatment,Email,0,0.0,0.18,1,1
100240,2026-07-11,treatment,Organic,0,0.0,0.0,0,1
100269,2026-07-11,control,Paid Search,0,0.0,2.2,0,1
100280,2026-07-11,control,Meta,0,0.0,1.35,0,1
100401,2026-07-11,control,Email,0,0.0,0.18,0,1
100413,2026-07-11,control,Email,0,0.0,0.18,1,1
100457,2026-07-11,control,Paid Search,0,0.0,2.2,0,1
100460,2026-07-11,control,Meta,0,0.0,1.35,0,1
100470,2026-07-11,treatment,Paid Search,0,0.0,2.2,0,1
100491,2026-07-11,treatment,Meta,0,0.0,1.35,0,1
100513,2026-07-11,control,Paid Search,1,74.98,2.2,1,1
100521,2026-07-11,control,Email,0,0.0,0.18,0,1
100531,2026-07-11,control,Organic,0,0.0,0.0,0,1
100803,2026-07-11,treatment,Email,0,0.0,0.18,0,1
100870,2026-07-11,treatment,Email,0,0.0,0.18,1,1
100884,2026-07-11,control,Paid Search,0,0.0,2.2,0,1
100895,2026-07-11,control,Paid Search,0,0.0,2.2,0,1
100897,2026-07-11,treatment,Meta,0,0.0,1.35,0,1
100910,2026-07-11,treatment,Meta,1,107.54,1.35,0,1
101026,2026-07-11,treatment,Organic,0,0.0,0.0,0,1
101061,2026-07-11,control,Organic,1,116.38,0.0,0,1
101105,2026-07-11,control,Paid Search,0,0.0,2.2,0,1
101224,2026-07-11,treatment,Organic,0,0.0,0.0,0,1
101225,2026-07-11,treatment,Email,1,146.91,0.18,0,1
101237,2026-07-11,treatment,Meta,0,0.0,1.35,0,1
101278,2026-07-11,treatment,Email,0,0.0,0.18,0,1
101333,2026-07-11,control,Paid Search,0,0.0,2.2,0,1
101375,2026-07-11,treatment,Paid Search,0,0.0,2.2,1,1
101449,2026-07-11,control,Organic,0,0.0,0.0,0,1
101458,2026-07-11,treatment,Organic,0,0.0,0.0,0,1
101487,2026-07-11,control,Meta,0,0.0,1.35,0,1
101588,2026-07-11,treatment,Email,1,86.37,0.18,0,1
101677,2026-07-11,treatment,Organic,0,0.0,0.0,1,1
101688,2026-07-11,control,Email,1,81.59,0.18,0,1
101698,2026-07-11,control,Paid Search,0,0.0,2.2,0,1
101726,2026-07-11,treatment,Meta,0,0.0,1.35,0,1
101745,2026-07-11,control,Paid Search,0,0.0,2.2,0,1
101778,2026-07-11,control,Meta,0,0.0,1.35,1,1
101885,2026-07-11,control,Paid Search,1,107.76,2.2,0,1
101967,2026-07-11,control,Organic,0,0.0,0.0,0,1
102110,2026-07-11,treatment,Paid Search,1,57.18,2.2,0,1
102115,2026-07-11,control,Paid Search,0,0.0,2.2,0,1
102121,2026-07-11,treatment,Meta,0,0.0,1.35,0,1
102170,2026-07-11,treatment,Meta,0,0.0,1.35,0,1
102175,2026-07-11,control,Paid Search,0,0.0,2.2,0,1
102201,2026-07-11,control,Meta,0,0.0,1.35,1,1
102277,2026-07-11,treatment,Paid Search,0,0.0,2.2,0,1
102336,2026-07-11,control,Paid Search,0,0.0,2.2,0,1
102350,2026-07-11,treatment,Organic,0,0.0,0.0,0,1
100096,2026-07-12,control,Organic,1,89.52,0.0,0,1
100208,2026-07-12,control,Email,0,0.0,0.18,1,1
100256,2026-07-12,treatment,Paid Search,0,0.0,2.2,0,1
100380,2026-07-12,treatment,Email,0,0.0,0.18,0,1
100384,2026-07-12,control,Paid Search,0,0.0,2.2,0,1
100449,2026-07-12,treatment,Email,0,0.0,0.18,0,1
100506,2026-07-12,treatment,Paid Search,0,0.0,2.2,0,1
100530,2026-07-12,control,Paid Search,0,0.0,2.2,0,1
100613,2026-07-12,treatment,Paid Search,1,76.87,2.2,1,1
100624,2026-07-12,treatment,Email,0,0.0,0.18,0,1
100677,2026-07-12,treatment,Organic,0,0.0,0.0,1,1
100749,2026-07-12,control,Organic,0,0.0,0.0,0,1
100789,2026-07-12,control,Paid Search,0,0.0,2.2,0,1
100891,2026-07-12,treatment,Paid Search,0,0.0,2.2,0,1
100896,2026-07-12,treatment,Meta,1,131.71,1.35,0,1
100925,2026-07-12,treatment,Meta,0,0.0,1.35,0,1
100984,2026-07-12,treatment,Paid Search,0,0.0,2.2,1,1
101004,2026-07-12,control,Email,0,0.0,0.18,0,1
101049,2026-07-12,control,Email,0,0.0,0.18,0,1
101135,2026-07-12,treatment,Organic,0,0.0,0.0,0,1
101191,2026-07-12,control,Meta,0,0.0,1.35,0,1
101227,2026-07-12,treatment,Meta,0,0.0,1.35,0,1
101315,2026-07-12,treatment,Paid Search,0,0.0,2.2,0,1
101349,2026-07-12,treatment,Organic,0,0.0,0.0,0,1
101369,2026-07-12,control,Paid Search,0,0.0,2.2,0,1
101380,2026-07-12,control,Paid Search,0,0.0,2.2,0,1
101383,2026-07-12,control,Email,0,0.0,0.18,0,1
101385,2026-07-12,control,Meta,0,0.0,1.35,0,1
101493,2026-07-12,treatment,Email,0,0.0,0.18,0,1
101619,2026-07-12,control,Organic,0,0.0,0.0,0,1
101651,2026-07-12,control,Meta,1,77.35,1.35,0,1
101766,2026-07-12,control,Meta,0,0.0,1.35,0,1
101978,2026-07-12,control,Meta,0,0.0,1.35,0,1
101985,2026-07-12,control,Organic,0,0.0,0.0,0,1
102043,2026-07-12,treatment,Organic,0,0.0,0.0,0,1
102102,2026-07-12,treatment,Organic,0,0.0,0.0,0,1
102200,2026-07-12,control,Organic,0,0.0,0.0,0,1
102228,2026-07-12,control,Organic,1,60.26,0.0,0,1
102242,2026-07-12,treatment,Organic,0,0.0,0.0,0,1
102269,2026-07-12,treatment,Paid Search,0,0.0,2.2,0,1
102275,2026-07-12,control,Email,0,0.0,0.18,0,1
102339,2026-07-12,control,Email,0,0.0,0.18,1,1
100071,2026-07-13,treatment,Email,0,0.0,0.18,0,1
100123,2026-07-13,control,Paid Search,0,0.0,2.2,0,1
100508,2026-07-13,control,Meta,0,0.0,1.35,0,1
100524,2026-07-13,control,Paid Search,1,84.79,2.2,0,1
100643,2026-07-13,treatment,Email,1,90.37,0.18,0,1
100799,2026-07-13,control,Organic,0,0.0,0.0,0,1
100850,2026-07-13,treatment,Email,0,0.0,0.18,0,1
100881,2026-07-13,treatment,Meta,0,0.0,1.35,0,1
100901,2026-07-13,treatment,Paid Search,0,0.0,2.2,0,1
100928,2026-07-13,control,Organic,0,0.0,0.0,0,1
100983,2026-07-13,treatment,Organic,0,0.0,0.0,0,1
101145,2026-07-13,treatment,Email,1,124.02,0.18,0,1
101146,2026-07-13,control,Paid Search,1,78.27,2.2,0,1
101168,2026-07-13,control,Email,0,0.0,0.18,0,1
101258,2026-07-13,control,Meta,0,0.0,1.35,0,1
101292,2026-07-13,treatment,Organic,1,109.09,0.0,0,1
101354,2026-07-13,control,Email,0,0.0,0.18,1,1
101359,2026-07-13,control,Email,0,0.0,0.18,0,1
101421,2026-07-13,treatment,Organic,1,80.92,0.0,0,1
101435,2026-07-13,control,Organic,0,0.0,0.0,0,1
101453,2026-07-13,control,Meta,1,121.77,1.35,0,1
101509,2026-07-13,treatment,Email,0,0.0,0.18,0,1
101555,2026-07-13,treatment,Meta,0,0.0,1.35,0,1
101568,2026-07-13,treatment,Meta,0,0.0,1.35,0,1
101609,2026-07-13,treatment,Meta,0,0.0,1.35,0,1
101612,2026-07-13,control,Email,0,0.0,0.18,0,1
101725,2026-07-13,treatment,Email,0,0.0,0.18,0,1
101925,2026-07-13,treatment,Meta,0,0.0,1.35,0,1
101943,2026-07-13,control,Meta,1,76.49,1.35,0,1
102010,2026-07-13,control,Organic,0,0.0,0.0,0,1
102070,2026-07-13,control,Paid Search,0,0.0,2.2,0,1
102120,2026-07-13,treatment,Paid Search,0,0.0,2.2,1,1
102122,2026-07-13,treatment,Meta,0,0.0,1.35,0,1
102150,2026-07-13,treatment,Organic,0,0.0,0.0,0,1
102195,2026-07-13,treatment,Meta,0,0.0,1.35,0,1
102252,2026-07-13,control,Meta,1,64.73,1.35,1,1
100010,2026-07-14,treatment,Organic,0,0.0,0.0,0,1
100092,2026-07-14,treatment,Email,0,0.0,0.18,0,1
100100,2026-07-14,control,Email,1,46.55,0.18,0,1
100109,2026-07-14,treatment,Paid Search,0,0.0,2.2,0,1
100167,2026-07-14,treatment,Organic,0,0.0,0.0,1,1
100242,2026-07-14,control,Email,0,0.0,0.18,0,1
100265,2026-07-14,control,Meta,0,0.0,1.35,0,1
100282,2026-07-14,treatment,Organic,0,0.0,0.0,0,1
100296,2026-07-14,treatment,Email,0,0.0,0.18,0,1
100355,2026-07-14,control,Organic,0,0.0,0.0,0,1
100555,2026-07-14,control,Meta,0,0.0,1.35,0,1
100675,2026-07-14,treatment,Organic,0,0.0,0.0,0,1
100717,2026-07-14,control,Paid Search,1,99.45,2.2,1,1
100725,2026-07-14,treatment,Email,1,61.3,0.18,0,1
100827,2026-07-14,treatment,Organic,1,153.76,0.0,0,1
100833,2026-07-14,control,Meta,0,0.0,1.35,0,1
100841,2026-07-14,treatment,Email,0,0.0,0.18,0,1
100894,2026-07-14,treatment,Meta,0,0.0,1.35,0,1
100948,2026-07-14,treatment,Organic,0,0.0,0.0,0,1
100989,2026-07-14,control,Email,0,0.0,0.18,0,1
101005,2026-07-14,treatment,Paid Search,0,0.0,2.2,0,1
101012,2026-07-14,control,Paid Search,0,0.0,2.2,1,1
101040,2026-07-14,treatment,Email,0,0.0,0.18,1,1
101045,2026-07-14,control,Email,0,0.0,0.18,0,1
101051,2026-07-14,control,Paid Search,0,0.0,2.2,0,1
101052,2026-07-14,treatment,Email,1,141.29,0.18,0,1
101086,2026-07-14,treatment,Meta,0,0.0,1.35,1,1
101131,2026-07-14,treatment,Email,1,106.82,0.18,0,1
101157,2026-07-14,control,Paid Search,0,0.0,2.2,0,1
101190,2026-07-14,control,Meta,0,0.0,1.35,0,1
101202,2026-07-14,control,Email,0,0.0,0.18,1,1
101284,2026-07-14,control,Paid Search,0,0.0,2.2,0,1
101423,2026-07-14,control,Paid Search,0,0.0,2.2,1,1
101522,2026-07-14,treatment,Paid Search,0,0.0,2.2,0,1
101580,2026-07-14,control,Meta,0,0.0,1.35,0,1
101632,2026-07-14,treatment,Organic,0,0.0,0.0,0,1
101644,2026-07-14,control,Organic,0,0.0,0.0,0,1
101746,2026-07-14,control,Meta,0,0.0,1.35,0,1
101789,2026-07-14,treatment,Paid Search,0,0.0,2.2,0,1
101876,2026-07-14,treatment,Meta,1,68.39,1.35,0,1
101879,2026-07-14,treatment,Email,0,0.0,0.18,0,1
101893,2026-07-14,control,Meta,0,0.0,1.35,1,1
101930,2026-07-14,control,Email,1,65.65,0.18,0,1
101937,2026-07-14,control,Organic,0,0.0,0.0,0,1
101960,2026-07-14,control,Organic,0,0.0,0.0,1,1
101986,2026-07-14,treatment,Paid Search,0,0.0,2.2,0,1
101999,2026-07-14,treatment,Email,1,124.49,0.18,1,1
102065,2026-07-14,treatment,Email,1,120.76,0.18,0,1
102105,2026-07-14,treatment,Paid Search,0,0.0,2.2,1,1
102133,2026-07-14,control,Paid Search,0,0.0,2.2,0,1
102197,2026-07-14,control,Meta,0,0.0,1.35,0,1
102353,2026-07-14,treatment,Paid Search,0,0.0,2.2,1,1
100081,2026-07-15,treatment,Organic,0,0.0,0.0,1,1
100108,2026-07-15,treatment,Email,1,123.45,0.18,1,1
100163,2026-07-15,treatment,Paid Search,0,0.0,2.2,0,1
100197,2026-07-15,treatment,Organic,1,64.33,0.0,0,1
100215,2026-07-15,control,Organic,0,0.0,0.0,0,1
100221,2026-07-15,treatment,Meta,0,0.0,1.35,0,1
100315,2026-07-15,treatment,Meta,0,0.0,1.35,0,1
100318,2026-07-15,control,Email,0,0.0,0.18,0,1
100386,2026-07-15,treatment,Email,1,103.74,0.18,0,1
100489,2026-07-15,treatment,Paid Search,0,0.0,2.2,1,1
100496,2026-07-15,control,Meta,0,0.0,1.35,0,1
100665,2026-07-15,control,Paid Search,0,0.0,2.2,0,1
100710,2026-07-15,treatment,Paid Search,0,0.0,2.2,1,1
100796,2026-07-15,treatment,Organic,0,0.0,0.0,0,1
100867,2026-07-15,treatment,Meta,0,0.0,1.35,1,1
100990,2026-07-15,control,Meta,0,0.0,1.35,0,1
101034,2026-07-15,treatment,Organic,0,0.0,0.0,0,1
101115,2026-07-15,control,Meta,0,0.0,1.35,0,1
101150,2026-07-15,control,Paid Search,0,0.0,2.2,1,1
101261,2026-07-15,treatment,Paid Search,0,0.0,2.2,0,1
101285,2026-07-15,treatment,Meta,0,0.0,1.35,0,1
101302,2026-07-15,treatment,Organic,1,41.87,0.0,0,1
101347,2026-07-15,control,Organic,1,125.84,0.0,1,1
101362,2026-07-15,treatment,Meta,0,0.0,1.35,1,1
101373,2026-07-15,control,Meta,0,0.0,1.35,0,1
101387,2026-07-15,treatment,Paid Search,0,0.0,2.2,1,1
101388,2026-07-15,control,Organic,1,124.77,0.0,0,1
101405,2026-07-15,control,Paid Search,0,0.0,2.2,1,1
101473,2026-07-15,treatment,Organic,0,0.0,0.0,1,1
101682,2026-07-15,control,Paid Search,0,0.0,2.2,0,1
101721,2026-07-15,control,Meta,0,0.0,1.35,0,1
101738,2026-07-15,control,Email,0,0.0,0.18,0,1
101787,2026-07-15,treatment,Paid Search,0,0.0,2.2,0,1
101919,2026-07-15,treatment,Meta,0,0.0,1.35,0,1
102048,2026-07-15,control,Organic,0,0.0,0.0,1,1
102159,2026-07-15,control,Paid Search,0,0.0,2.2,1,1
102276,2026-07-15,control,Organic,0,0.0,0.0,0,1
102308,2026-07-15,control,Meta,0,0.0,1.35,0,1
102314,2026-07-15,treatment,Email,0,0.0,0.18,1,1
102367,2026-07-15,control,Email,0,0.0,0.18,0,1
100173,2026-07-16,treatment,Meta,0,0.0,1.35,0,1
100419,2026-07-16,control,Email,1,98.2,0.18,0,1
100427,2026-07-16,treatment,Paid Search,0,0.0,2.2,0,1
100482,2026-07-16,treatment,Paid Search,0,0.0,2.2,0,1
100657,2026-07-16,treatment,Paid Search,0,0.0,2.2,0,1
100694,2026-07-16,treatment,Organic,0,0.0,0.0,0,1
100741,2026-07-16,control,Paid Search,0,0.0,2.2,0,1
100778,2026-07-16,treatment,Meta,0,0.0,1.35,0,1
100888,2026-07-16,treatment,Meta,0,0.0,1.35,0,1
100919,2026-07-16,treatment,Paid Search,0,0.0,2.2,0,1
100960,2026-07-16,treatment,Organic,0,0.0,0.0,0,1
101002,2026-07-16,treatment,Paid Search,0,0.0,2.2,0,1
101075,2026-07-16,treatment,Meta,0,0.0,1.35,0,1
101138,2026-07-16,treatment,Meta,0,0.0,1.35,0,1
101179,2026-07-16,treatment,Meta,0,0.0,1.35,0,1
101265,2026-07-16,control,Meta,0,0.0,1.35,0,1
101363,2026-07-16,control,Meta,0,0.0,1.35,0,1
101381,2026-07-16,control,Paid Search,0,0.0,2.2,0,1
101419,2026-07-16,treatment,Meta,0,0.0,1.35,0,1
101442,2026-07-16,treatment,Meta,0,0.0,1.35,0,1
101481,2026-07-16,treatment,Meta,0,0.0,1.35,0,1
101489,2026-07-16,control,Paid Search,0,0.0,2.2,0,1
101710,2026-07-16,treatment,Meta,1,81.43,1.35,0,1
101750,2026-07-16,control,Meta,0,0.0,1.35,0,1
101779,2026-07-16,treatment,Organic,0,0.0,0.0,0,1
101793,2026-07-16,treatment,Email,0,0.0,0.18,0,1
101822,2026-07-16,treatment,Organic,0,0.0,0.0,1,1
101923,2026-07-16,treatment,Meta,0,0.0,1.35,0,1
101946,2026-07-16,treatment,Paid Search,0,0.0,2.2,0,1
102045,2026-07-16,control,Organic,0,0.0,0.0,0,1
102173,2026-07-16,control,Email,0,0.0,0.18,0,1
102178,2026-07-16,control,Organic,0,0.0,0.0,0,1
102241,2026-07-16,treatment,Meta,0,0.0,1.35,0,1
102341,2026-07-16,control,Paid Search,1,87.2,2.2,1,1
102371,2026-07-16,treatment,Paid Search,1,112.42,2.2,1,1
102392,2026-07-16,control,Organic,0,0.0,0.0,0,1
102396,2026-07-16,treatment,Email,1,109.78,0.18,0,1
100091,2026-07-17,treatment,Email,0,0.0,0.18,0,1
100233,2026-07-17,control,Paid Search,0,0.0,2.2,0,1
100284,2026-07-17,control,Email,0,0.0,0.18,1,1
100292,2026-07-17,treatment,Paid Search,0,0.0,2.2,0,1
100304,2026-07-17,treatment,Meta,1,123.2,1.35,1,1
100310,2026-07-17,treatment,Email,0,0.0,0.18,0,1
100342,2026-07-17,treatment,Meta,0,0.0,1.35,0,1
100358,2026-07-17,control,Email,0,0.0,0.18,0,1
100495,2026-07-17,treatment,Meta,0,0.0,1.35,1,1
100526,2026-07-17,treatment,Meta,0,0.0,1.35,0,1
100610,2026-07-17,treatment,Organic,0,0.0,0.0,0,1
100696,2026-07-17,control,Paid Search,0,0.0,2.2,0,1
100704,2026-07-17,control,Email,0,0.0,0.18,0,1
100794,2026-07-17,control,Email,0,0.0,0.18,0,1
100825,2026-07-17,control,Organic,0,0.0,0.0,0,1
100861,2026-07-17,treatment,Organic,0,0.0,0.0,1,1
100869,2026-07-17,control,Paid Search,0,0.0,2.2,0,1
100892,2026-07-17,treatment,Meta,1,101.87,1.35,1,1
100938,2026-07-17,control,Organic,0,0.0,0.0,0,1
101188,2026-07-17,treatment,Email,1,67.77,0.18,0,1
101199,2026-07-17,treatment,Email,0,0.0,0.18,0,1
101205,2026-07-17,control,Organic,0,0.0,0.0,0,1
101233,2026-07-17,control,Paid Search,0,0.0,2.2,0,1
101339,2026-07-17,control,Organic,0,0.0,0.0,0,1
101360,2026-07-17,treatment,Email,0,0.0,0.18,0,1
101384,2026-07-17,treatment,Email,0,0.0,0.18,0,1
101733,2026-07-17,treatment,Paid Search,0,0.0,2.2,0,1
101767,2026-07-17,treatment,Meta,0,0.0,1.35,0,1
101936,2026-07-17,treatment,Email,0,0.0,0.18,0,1
101971,2026-07-17,treatment,Paid Search,0,0.0,2.2,0,1
102037,2026-07-17,treatment,Paid Search,1,113.45,2.2,0,1
102049,2026-07-17,treatment,Paid Search,0,0.0,2.2,0,1
102087,2026-07-17,treatment,Meta,0,0.0,1.35,0,1
102117,2026-07-17,control,Email,0,0.0,0.18,0,1
102149,2026-07-17,control,Organic,0,0.0,0.0,0,1
102192,2026-07-17,treatment,Email,1,74.49,0.18,0,1
102279,2026-07-17,treatment,Email,0,0.0,0.18,0,1
102331,2026-07-17,control,Email,0,0.0,0.18,0,1
102388,2026-07-17,control,Email,0,0.0,0.18,0,1
100177,2026-07-18,control,Organic,0,0.0,0.0,0,1
100255,2026-07-18,treatment,Organic,0,0.0,0.0,0,1
100353,2026-07-18,treatment,Meta,0,0.0,1.35,1,1
100363,2026-07-18,control,Paid Search,0,0.0,2.2,0,1
100370,2026-07-18,treatment,Paid Search,0,0.0,2.2,1,1
100466,2026-07-18,control,Paid Search,1,78.3,2.2,1,1
100473,2026-07-18,treatment,Meta,0,0.0,1.35,0,1
100514,2026-07-18,control,Paid Search,0,0.0,2.2,1,1
100538,2026-07-18,control,Paid Search,0,0.0,2.2,1,1
100650,2026-07-18,control,Meta,0,0.0,1.35,0,1
100727,2026-07-18,treatment,Paid Search,0,0.0,2.2,0,1
100829,2026-07-18,treatment,Email,1,141.8,0.18,0,1
100909,2026-07-18,control,Meta,0,0.0,1.35,0,1
101011,2026-07-18,control,Paid Search,0,0.0,2.2,0,1
101066,2026-07-18,treatment,Organic,0,0.0,0.0,0,1
101085,2026-07-18,control,Meta,0,0.0,1.35,0,1
101170,2026-07-18,control,Meta,1,94.85,1.35,0,1
101177,2026-07-18,treatment,Meta,0,0.0,1.35,0,1
101217,2026-07-18,treatment,Meta,0,0.0,1.35,0,1
101221,2026-07-18,control,Meta,0,0.0,1.35,0,1
101295,2026-07-18,treatment,Meta,0,0.0,1.35,0,1
101344,2026-07-18,treatment,Meta,0,0.0,1.35,0,1
101367,2026-07-18,control,Meta,0,0.0,1.35,0,1
101371,2026-07-18,treatment,Meta,0,0.0,1.35,0,1
101415,2026-07-18,treatment,Meta,0,0.0,1.35,0,1
101443,2026-07-18,treatment,Meta,0,0.0,1.35,0,1
101643,2026-07-18,treatment,Organic,1,68.73,0.0,0,1
101647,2026-07-18,treatment,Organic,0,0.0,0.0,0,1
101656,2026-07-18,control,Email,0,0.0,0.18,0,1
101669,2026-07-18,control,Organic,0,0.0,0.0,1,1
101764,2026-07-18,control,Organic,0,0.0,0.0,0,1
101811,2026-07-18,control,Email,0,0.0,0.18,0,1
101812,2026-07-18,treatment,Meta,0,0.0,1.35,0,1
101875,2026-07-18,control,Paid Search,0,0.0,2.2,0,1
101890,2026-07-18,treatment,Email,1,61.29,0.18,0,1
101951,2026-07-18,control,Email,0,0.0,0.18,0,1
101965,2026-07-18,treatment,Paid Search,0,0.0,2.2,0,1
102011,2026-07-18,treatment,Paid Search,1,87.52,2.2,0,1
102038,2026-07-18,treatment,Organic,1,129.55,0.0,0,1
102112,2026-07-18,control,Paid Search,0,0.0,2.2,0,1
102128,2026-07-18,treatment,Organic,0,0.0,0.0,1,1
102174,2026-07-18,control,Organic,0,0.0,0.0,1,1
102230,2026-07-18,control,Meta,0,0.0,1.35,0,1
102237,2026-07-18,control,Meta,0,0.0,1.35,0,1
102294,2026-07-18,treatment,Meta,0,0.0,1.35,0,1
102307,2026-07-18,treatment,Email,0,0.0,0.18,0,1
102356,2026-07-18,control,Paid Search,0,0.0,2.2,0,1
102358,2026-07-18,control,Meta,0,0.0,1.35,1,1
100037,2026-07-19,treatment,Meta,0,0.0,1.35,0,1
100056,2026-07-19,treatment,Meta,0,0.0,1.35,0,1
100084,2026-07-19,treatment,Meta,0,0.0,1.35,0,1
100185,2026-07-19,control,Paid Search,0,0.0,2.2,1,1
100196,2026-07-19,treatment,Organic,0,0.0,0.0,0,1
100285,2026-07-19,treatment,Meta,0,0.0,1.35,0,1
100308,2026-07-19,control,Paid Search,0,0.0,2.2,0,1
100334,2026-07-19,treatment,Meta,0,0.0,1.35,0,1
100335,2026-07-19,treatment,Paid Search,1,79.45,2.2,1,1
100338,2026-07-19,control,Email,0,0.0,0.18,1,1
100359,2026-07-19,control,Email,0,0.0,0.18,1,1
100412,2026-07-19,control,Paid Search,0,0.0,2.2,1,1
100593,2026-07-19,control,Meta,0,0.0,1.35,0,1
100595,2026-07-19,treatment,Meta,1,122.14,1.35,0,1
100628,2026-07-19,treatment,Organic,0,0.0,0.0,0,1
100645,2026-07-19,treatment,Paid Search,0,0.0,2.2,0,1
100738,2026-07-19,control,Email,0,0.0,0.18,1,1
100759,2026-07-19,control,Paid Search,0,0.0,2.2,0,1
100802,2026-07-19,treatment,Email,0,0.0,0.18,0,1
100854,2026-07-19,control,Meta,0,0.0,1.35,0,1
101010,2026-07-19,control,Organic,0,0.0,0.0,0,1
101016,2026-07-19,treatment,Meta,0,0.0,1.35,0,1
101021,2026-07-19,treatment,Email,0,0.0,0.18,0,1
101082,2026-07-19,treatment,Meta,0,0.0,1.35,0,1
101144,2026-07-19,control,Paid Search,0,0.0,2.2,0,1
101294,2026-07-19,control,Email,0,0.0,0.18,0,1
101416,2026-07-19,treatment,Organic,0,0.0,0.0,0,1
101441,2026-07-19,treatment,Meta,0,0.0,1.35,0,1
101454,2026-07-19,control,Meta,0,0.0,1.35,0,1
101511,2026-07-19,control,Meta,0,0.0,1.35,0,1
101574,2026-07-19,treatment,Email,0,0.0,0.18,0,1
101639,2026-07-19,control,Paid Search,0,0.0,2.2,1,1
101655,2026-07-19,treatment,Organic,0,0.0,0.0,0,1
101681,2026-07-19,treatment,Organic,0,0.0,0.0,0,1
101683,2026-07-19,treatment,Organic,1,95.86,0.0,0,1
101732,2026-07-19,treatment,Email,0,0.0,0.18,0,1
101794,2026-07-19,treatment,Paid Search,0,0.0,2.2,1,1
101979,2026-07-19,treatment,Paid Search,0,0.0,2.2,0,1
102107,2026-07-19,treatment,Meta,0,0.0,1.35,0,1
102210,2026-07-19,control,Meta,0,0.0,1.35,0,1
102258,2026-07-19,treatment,Email,0,0.0,0.18,1,1
102301,2026-07-19,treatment,Meta,1,122.8,1.35,0,1
102318,2026-07-19,treatment,Paid Search,0,0.0,2.2,0,1
102355,2026-07-19,treatment,Organic,0,0.0,0.0,0,1
100021,2026-07-20,control,Meta,0,0.0,1.35,0,1
100155,2026-07-20,treatment,Email,0,0.0,0.18,0,1
100159,2026-07-20,treatment,Meta,0,0.0,1.35,0,1
100171,2026-07-20,treatment,Organic,0,0.0,0.0,0,1
100245,2026-07-20,control,Meta,0,0.0,1.35,0,1
100356,2026-07-20,control,Paid Search,0,0.0,2.2,0,1
100439,2026-07-20,treatment,Paid Search,1,131.36,2.2,0,1
100502,2026-07-20,treatment,Meta,0,0.0,1.35,0,1
100525,2026-07-20,control,Paid Search,0,0.0,2.2,1,1
100810,2026-07-20,control,Paid Search,0,0.0,2.2,1,1
100851,2026-07-20,control,Organic,1,123.15,0.0,0,1
100865,2026-07-20,control,Paid Search,0,0.0,2.2,1,1
100885,2026-07-20,control,Paid Search,0,0.0,2.2,0,1
100929,2026-07-20,control,Email,1,70.61,0.18,0,1
100940,2026-07-20,treatment,Email,0,0.0,0.18,1,1
100949,2026-07-20,control,Email,0,0.0,0.18,0,1
100979,2026-07-20,control,Email,0,0.0,0.18,0,1
100996,2026-07-20,control,Paid Search,0,0.0,2.2,0,1
101129,2026-07-20,control,Meta,0,0.0,1.35,1,1
101137,2026-07-20,treatment,Paid Search,0,0.0,2.2,1,1
101195,2026-07-20,control,Meta,0,0.0,1.35,0,1
101266,2026-07-20,control,Paid Search,0,0.0,2.2,0,1
101286,2026-07-20,control,Paid Search,0,0.0,2.2,0,1
101287,2026-07-20,treatment,Meta,0,0.0,1.35,0,1
101350,2026-07-20,treatment,Meta,0,0.0,1.35,0,1
101404,2026-07-20,treatment,Meta,0,0.0,1.35,0,1
101506,2026-07-20,treatment,Email,0,0.0,0.18,0,1
101529,2026-07-20,control,Meta,0,0.0,1.35,0,1
101586,2026-07-20,treatment,Paid Search,0,0.0,2.2,0,1
101598,2026-07-20,control,Organic,1,101.04,0.0,0,1
101615,2026-07-20,treatment,Organic,0,0.0,0.0,0,1
101634,2026-07-20,treatment,Organic,0,0.0,0.0,0,1
101696,2026-07-20,treatment,Organic,1,94.33,0.0,1,1
101773,2026-07-20,treatment,Organic,1,145.96,0.0,0,1
101821,2026-07-20,control,Paid Search,1,95.54,2.2,1,1
101839,2026-07-20,control,Organic,0,0.0,0.0,0,1
101886,2026-07-20,control,Email,0,0.0,0.18,0,1
101888,2026-07-20,treatment,Meta,0,0.0,1.35,0,1
101910,2026-07-20,control,Email,0,0.0,0.18,0,1
101921,2026-07-20,control,Email,0,0.0,0.18,0,1
101932,2026-07-20,treatment,Organic,0,0.0,0.0,0,1
101995,2026-07-20,treatment,Paid Search,0,0.0,2.2,0,1
102016,2026-07-20,treatment,Meta,0,0.0,1.35,0,1
102028,2026-07-20,treatment,Meta,0,0.0,1.35,0,1
102039,2026-07-20,control,Email,1,97.02,0.18,1,1
102040,2026-07-20,treatment,Organic,0,0.0,0.0,1,1
102257,2026-07-20,treatment,Paid Search,0,0.0,2.2,1,1
102346,2026-07-20,treatment,Email,1,81.22,0.18,0,1
102351,2026-07-20,control,Organic,0,0.0,0.0,1,1
102393,2026-07-20,treatment,Meta,0,0.0,1.35,1,1
100063,2026-07-21,control,Email,0,0.0,0.18,0,1
100099,2026-07-21,control,Meta,0,0.0,1.35,0,1
100131,2026-07-21,treatment,Paid Search,0,0.0,2.2,0,1
100147,2026-07-21,control,Email,0,0.0,0.18,0,1
100157,2026-07-21,treatment,Email,0,0.0,0.18,0,1
100181,2026-07-21,control,Organic,0,0.0,0.0,1,1
100192,2026-07-21,treatment,Paid Search,0,0.0,2.2,0,1
100287,2026-07-21,control,Paid Search,0,0.0,2.2,0,1
100290,2026-07-21,treatment,Paid Search,0,0.0,2.2,0,1
100303,2026-07-21,treatment,Email,0,0.0,0.18,1,1
100354,2026-07-21,control,Paid Search,0,0.0,2.2,1,1
100393,2026-07-21,control,Paid Search,0,0.0,2.2,0,1
100447,2026-07-21,treatment,Email,0,0.0,0.18,1,1
100479,2026-07-21,treatment,Paid Search,0,0.0,2.2,1,1
100625,2026-07-21,treatment,Organic,0,0.0,0.0,0,1
100630,2026-07-21,control,Meta,0,0.0,1.35,0,1
100731,2026-07-21,control,Paid Search,0,0.0,2.2,0,1
100743,2026-07-21,control,Meta,0,0.0,1.35,0,1
100764,2026-07-21,control,Meta,0,0.0,1.35,0,1
100772,2026-07-21,control,Email,1,110.55,0.18,1,1
100916,2026-07-21,control,Paid Search,0,0.0,2.2,0,1
101044,2026-07-21,treatment,Meta,0,0.0,1.35,1,1
101087,2026-07-21,treatment,Organic,0,0.0,0.0,0,1
101091,2026-07-21,control,Paid Search,0,0.0,2.2,0,1
101104,2026-07-21,control,Meta,0,0.0,1.35,0,1
101155,2026-07-21,control,Paid Search,0,0.0,2.2,1,1
101160,2026-07-21,treatment,Meta,0,0.0,1.35,1,1
101182,2026-07-21,control,Email,0,0.0,0.18,0,1
101197,2026-07-21,control,Paid Search,0,0.0,2.2,0,1
101201,2026-07-21,treatment,Organic,0,0.0,0.0,0,1
101262,2026-07-21,control,Organic,0,0.0,0.0,0,1
101264,2026-07-21,control,Organic,0,0.0,0.0,0,1
101268,2026-07-21,control,Meta,0,0.0,1.35,0,1
101271,2026-07-21,treatment,Email,1,76.44,0.18,0,1
101276,2026-07-21,treatment,Paid Search,0,0.0,2.2,1,1
101366,2026-07-21,control,Organic,0,0.0,0.0,0,1
101372,2026-07-21,control,Email,0,0.0,0.18,1,1
101402,2026-07-21,control,Organic,0,0.0,0.0,0,1
101432,2026-07-21,control,Paid Search,0,0.0,2.2,1,1
101467,2026-07-21,treatment,Paid Search,0,0.0,2.2,0,1
101535,2026-07-21,treatment,Paid Search,0,0.0,2.2,0,1
101595,2026-07-21,treatment,Email,0,0.0,0.18,0,1
101607,2026-07-21,control,Email,1,81.23,0.18,0,1
101661,2026-07-21,treatment,Organic,0,0.0,0.0,0,1
101702,2026-07-21,treatment,Organic,1,116.87,0.0,0,1
101785,2026-07-21,control,Meta,0,0.0,1.35,0,1
101795,2026-07-21,control,Meta,0,0.0,1.35,0,1
101891,2026-07-21,treatment,Organic,0,0.0,0.0,0,1
101957,2026-07-21,control,Meta,0,0.0,1.35,0,1
101962,2026-07-21,treatment,Email,1,89.62,0.18,1,1
102001,2026-07-21,control,Paid Search,0,0.0,2.2,0,1
102077,2026-07-21,treatment,Paid Search,0,0.0,2.2,0,1
102090,2026-07-21,control,Email,0,0.0,0.18,1,1
102134,2026-07-21,control,Meta,0,0.0,1.35,0,1
102135,2026-07-21,control,Organic,0,0.0,0.0,1,1
102139,2026-07-21,treatment,Email,0,0.0,0.18,0,1
102240,2026-07-21,control,Paid Search,0,0.0,2.2,0,1
102247,2026-07-21,control,Meta,0,0.0,1.35,0,1
102342,2026-07-21,control,Email,1,105.75,0.18,0,1
100043,2026-07-22,control,Email,0,0.0,0.18,1,1
100097,2026-07-22,treatment,Email,0,0.0,0.18,0,1
100199,2026-07-22,treatment,Organic,0,0.0,0.0,0,1
100230,2026-07-22,treatment,Organic,0,0.0,0.0,0,1
100263,2026-07-22,treatment,Meta,0,0.0,1.35,1,1
100551,2026-07-22,treatment,Paid Search,0,0.0,2.2,0,1
100676,2026-07-22,control,Paid Search,0,0.0,2.2,0,1
100697,2026-07-22,treatment,Meta,0,0.0,1.35,1,1
100700,2026-07-22,treatment,Email,0,0.0,0.18,0,1
100736,2026-07-22,control,Paid Search,0,0.0,2.2,0,1
100758,2026-07-22,treatment,Meta,0,0.0,1.35,0,1
100767,2026-07-22,treatment,Organic,0,0.0,0.0,0,1
100769,2026-07-22,control,Organic,0,0.0,0.0,0,1
100864,2026-07-22,treatment,Organic,0,0.0,0.0,0,1
100942,2026-07-22,treatment,Organic,0,0.0,0.0,0,1
100967,2026-07-22,control,Meta,0,0.0,1.35,0,1
101007,2026-07-22,control,Email,0,0.0,0.18,1,1
101079,2026-07-22,treatment,Paid Search,0,0.0,2.2,0,1
101124,2026-07-22,treatment,Meta,0,0.0,1.35,0,1
101154,2026-07-22,control,Meta,0,0.0,1.35,0,1
101226,2026-07-22,treatment,Organic,0,0.0,0.0,1,1
101299,2026-07-22,treatment,Paid Search,0,0.0,2.2,0,1
101319,2026-07-22,control,Organic,0,0.0,0.0,0,1
101462,2026-07-22,control,Organic,0,0.0,0.0,0,1
101539,2026-07-22,control,Meta,0,0.0,1.35,1,1
101564,2026-07-22,control,Meta,0,0.0,1.35,0,1
101575,2026-07-22,treatment,Organic,0,0.0,0.0,0,1
101624,2026-07-22,control,Paid Search,0,0.0,2.2,1,1
101648,2026-07-22,treatment,Organic,0,0.0,0.0,1,1
101654,2026-07-22,control,Meta,0,0.0,1.35,0,1
101708,2026-07-22,treatment,Email,0,0.0,0.18,0,1
101749,2026-07-22,control,Email,0,0.0,0.18,1,1
101755,2026-07-22,treatment,Paid Search,0,0.0,2.2,0,1
101761,2026-07-22,treatment,Organic,0,0.0,0.0,0,1
101763,2026-07-22,control,Email,0,0.0,0.18,0,1
101877,2026-07-22,treatment,Paid Search,0,0.0,2.2,1,1
101905,2026-07-22,treatment,Paid Search,0,0.0,2.2,1,1
101964,2026-07-22,control,Email,0,0.0,0.18,0,1
102044,2026-07-22,control,Email,0,0.0,0.18,0,1
102059,2026-07-22,treatment,Organic,0,0.0,0.0,1,1
102066,2026-07-22,treatment,Organic,0,0.0,0.0,0,1
102126,2026-07-22,control,Email,0,0.0,0.18,1,1
102136,2026-07-22,control,Meta,0,0.0,1.35,0,1
102138,2026-07-22,treatment,Paid Search,0,0.0,2.2,1,1
102177,2026-07-22,control,Organic,0,0.0,0.0,0,1
102185,2026-07-22,treatment,Paid Search,0,0.0,2.2,1,1
102283,2026-07-22,treatment,Email,0,0.0,0.18,0,1
100033,2026-07-23,treatment,Paid Search,0,0.0,2.2,0,1
100061,2026-07-23,control,Meta,0,0.0,1.35,0,1
100062,2026-07-23,treatment,Paid Search,0,0.0,2.2,0,1
100178,2026-07-23,control,Meta,0,0.0,1.35,0,1
100266,2026-07-23,control,Organic,0,0.0,0.0,0,1
100278,2026-07-23,treatment,Paid Search,1,131.08,2.2,0,1
100302,2026-07-23,control,Paid Search,0,0.0,2.2,1,1
100327,2026-07-23,control,Paid Search,0,0.0,2.2,1,1
100347,2026-07-23,treatment,Email,0,0.0,0.18,1,1
100505,2026-07-23,control,Paid Search,0,0.0,2.2,1,1
100515,2026-07-23,treatment,Organic,0,0.0,0.0,0,1
100533,2026-07-23,control,Organic,1,64.36,0.0,0,1
100558,2026-07-23,treatment,Email,0,0.0,0.18,1,1
100587,2026-07-23,treatment,Organic,0,0.0,0.0,0,1
100637,2026-07-23,treatment,Paid Search,0,0.0,2.2,0,1
100663,2026-07-23,control,Organic,0,0.0,0.0,1,1
100808,2026-07-23,control,Email,0,0.0,0.18,1,1
100857,2026-07-23,control,Paid Search,0,0.0,2.2,1,1
100908,2026-07-23,control,Organic,0,0.0,0.0,0,1
100965,2026-07-23,treatment,Paid Search,0,0.0,2.2,0,1
101096,2026-07-23,treatment,Paid Search,0,0.0,2.2,0,1
101106,2026-07-23,control,Meta,1,66.42,1.35,0,1
101142,2026-07-23,treatment,Paid Search,0,0.0,2.2,1,1
101149,2026-07-23,treatment,Organic,0,0.0,0.0,0,1
101342,2026-07-23,control,Paid Search,0,0.0,2.2,0,1
101500,2026-07-23,control,Email,0,0.0,0.18,0,1
101523,2026-07-23,control,Meta,0,0.0,1.35,0,1
101532,2026-07-23,treatment,Organic,0,0.0,0.0,0,1
101704,2026-07-23,control,Meta,0,0.0,1.35,0,1
101744,2026-07-23,control,Email,0,0.0,0.18,1,1
101810,2026-07-23,treatment,Meta,0,0.0,1.35,1,1
101838,2026-07-23,treatment,Meta,0,0.0,1.35,0,1
101898,2026-07-23,control,Meta,0,0.0,1.35,1,1
101911,2026-07-23,control,Meta,0,0.0,1.35,0,1
101929,2026-07-23,control,Email,0,0.0,0.18,1,1
101933,2026-07-23,control,Meta,0,0.0,1.35,0,1
101953,2026-07-23,treatment,Paid Search,0,0.0,2.2,0,1
101959,2026-07-23,control,Organic,0,0.0,0.0,1,1
101974,2026-07-23,treatment,Paid Search,0,0.0,2.2,0,1
102000,2026-07-23,treatment,Organic,0,0.0,0.0,1,1
102007,2026-07-23,control,Organic,0,0.0,0.0,1,1
102060,2026-07-23,control,Meta,0,0.0,1.35,0,1
102108,2026-07-23,control,Meta,1,129.68,1.35,0,1
102145,2026-07-23,treatment,Email,0,0.0,0.18,1,1
102248,2026-07-23,treatment,Organic,1,91.42,0.0,1,1
102249,2026-07-23,control,Paid Search,0,0.0,2.2,0,1
102255,2026-07-23,treatment,Paid Search,0,0.0,2.2,0,1
102263,2026-07-23,control,Meta,0,0.0,1.35,0,1
102398,2026-07-23,treatment,Organic,0,0.0,0.0,0,1
100102,2026-07-24,treatment,Email,0,0.0,0.18,0,1
100125,2026-07-24,control,Paid Search,0,0.0,2.2,1,1
100204,2026-07-24,treatment,Paid Search,0,0.0,2.2,0,1
100209,2026-07-24,treatment,Paid Search,0,0.0,2.2,0,1
100226,2026-07-24,control,Paid Search,0,0.0,2.2,0,1
100348,2026-07-24,control,Paid Search,0,0.0,2.2,0,1
100357,2026-07-24,control,Meta,0,0.0,1.35,0,1
100361,2026-07-24,control,Email,0,0.0,0.18,0,1
100404,2026-07-24,treatment,Meta,0,0.0,1.35,0,1
100440,2026-07-24,control,Meta,1,65.18,1.35,1,1
100465,2026-07-24,control,Organic,0,0.0,0.0,0,1
100523,2026-07-24,control,Paid Search,0,0.0,2.2,0,1
100564,2026-07-24,control,Email,0,0.0,0.18,0,1
100615,2026-07-24,control,Organic,0,0.0,0.0,0,1
100623,2026-07-24,control,Organic,0,0.0,0.0,1,1
100629,2026-07-24,control,Organic,0,0.0,0.0,0,1
100828,2026-07-24,treatment,Paid Search,0,0.0,2.2,0,1
100844,2026-07-24,control,Organic,0,0.0,0.0,0,1
100911,2026-07-24,control,Organic,1,143.99,0.0,0,1
101035,2026-07-24,treatment,Organic,0,0.0,0.0,1,1
101161,2026-07-24,control,Meta,0,0.0,1.35,0,1
101246,2026-07-24,control,Email,0,0.0,0.18,0,1
101250,2026-07-24,treatment,Paid Search,0,0.0,2.2,0,1
101255,2026-07-24,treatment,Organic,0,0.0,0.0,1,1
101353,2026-07-24,treatment,Paid Search,0,0.0,2.2,0,1
101410,2026-07-24,treatment,Organic,0,0.0,0.0,0,1
101411,2026-07-24,control,Organic,0,0.0,0.0,0,1
101519,2026-07-24,treatment,Paid Search,0,0.0,2.2,0,1
101525,2026-07-24,control,Organic,1,102.1,0.0,0,1
101534,2026-07-24,treatment,Paid Search,0,0.0,2.2,0,1
101551,2026-07-24,treatment,Paid Search,0,0.0,2.2,0,1
101620,2026-07-24,control,Meta,0,0.0,1.35,0,1
101630,2026-07-24,treatment,Meta,0,0.0,1.35,0,1
102382,2026-07-24,control,Email,0,0.0,0.18,0,1
100068,2026-07-25,control,Organic,0,0.0,0.0,1,1
100073,2026-07-25,treatment,Organic,0,0.0,0.0,1,1
100089,2026-07-25,treatment,Paid Search,0,0.0,2.2,0,1
100143,2026-07-25,control,Organic,0,0.0,0.0,0,1
100152,2026-07-25,control,Paid Search,0,0.0,2.2,1,1
100198,2026-07-25,control,Email,0,0.0,0.18,0,1
100364,2026-07-25,control,Paid Search,0,0.0,2.2,0,1
100512,2026-07-25,control,Organic,0,0.0,0.0,0,1
100537,2026-07-25,control,Email,0,0.0,0.18,0,1
100572,2026-07-25,control,Paid Search,0,0.0,2.2,1,1
100601,2026-07-25,treatment,Paid Search,0,0.0,2.2,0,1
100602,2026-07-25,control,Meta,0,0.0,1.35,0,1
100739,2026-07-25,treatment,Organic,0,0.0,0.0,1,1
100806,2026-07-25,control,Meta,0,0.0,1.35,0,1
100890,2026-07-25,control,Organic,0,0.0,0.0,0,1
100906,2026-07-25,treatment,Meta,0,0.0,1.35,0,1
100980,2026-07-25,treatment,Paid Search,0,0.0,2.2,0,1
100997,2026-07-25,treatment,Email,0,0.0,0.18,0,1
101018,2026-07-25,treatment,Meta,0,0.0,1.35,0,1
101028,2026-07-25,control,Paid Search,0,0.0,2.2,0,1
101074,2026-07-25,treatment,Paid Search,0,0.0,2.2,0,1
101084,2026-07-25,treatment,Organic,0,0.0,0.0,0,1
101108,2026-07-25,control,Organic,0,0.0,0.0,0,1
101136,2026-07-25,treatment,Organic,0,0.0,0.0,0,1
101176,2026-07-25,control,Paid Search,0,0.0,2.2,0,1
101248,2026-07-25,control,Meta,1,94.88,1.35,1,1
101323,2026-07-25,control,Email,0,0.0,0.18,0,1
101358,2026-07-25,treatment,Meta,0,0.0,1.35,0,1
101379,2026-07-25,control,Paid Search,0,0.0,2.2,0,1
101450,2026-07-25,treatment,Organic,0,0.0,0.0,0,1
101466,2026-07-25,control,Meta,0,0.0,1.35,0,1
101480,2026-07-25,control,Paid Search,0,0.0,2.2,0,1
101505,2026-07-25,control,Paid Search,0,0.0,2.2,1,1
101533,2026-07-25,treatment,Email,0,0.0,0.18,1,1
101545,2026-07-25,treatment,Paid Search,0,0.0,2.2,0,1
101596,2026-07-25,treatment,Meta,0,0.0,1.35,0,1
101658,2026-07-25,treatment,Paid Search,0,0.0,2.2,1,1
101783,2026-07-25,control,Paid Search,0,0.0,2.2,0,1
101806,2026-07-25,treatment,Paid Search,0,0.0,2.2,0,1
101823,2026-07-25,treatment,Meta,0,0.0,1.35,0,1
101827,2026-07-25,treatment,Paid Search,0,0.0,2.2,0,1
101984,2026-07-25,treatment,Organic,0,0.0,0.0,1,1
101990,2026-07-25,treatment,Paid Search,0,0.0,2.2,0,1
102023,2026-07-25,treatment,Paid Search,0,0.0,2.2,0,1
102031,2026-07-25,control,Paid Search,0,0.0,2.2,1,1
102042,2026-07-25,treatment,Paid Search,0,0.0,2.2,0,1
102086,2026-07-25,control,Organic,0,0.0,0.0,0,1
102137,2026-07-25,treatment,Meta,0,0.0,1.35,1,1
102140,2026-07-25,control,Meta,1,76.43,1.35,0,1
102259,2026-07-25,treatment,Paid Search,0,0.0,2.2,0,1
102384,2026-07-25,treatment,Organic,0,0.0,0.0,0,1
100001,2026-07-26,control,Paid Search,1,106.25,2.2,0,1
100018,2026-07-26,control,Paid Search,0,0.0,2.2,0,1
100045,2026-07-26,treatment,Paid Search,1,65.85,2.2,0,1
100048,2026-07-26,control,Email,0,0.0,0.18,0,1
100119,2026-07-26,treatment,Paid Search,0,0.0,2.2,1,1
100162,2026-07-26,treatment,Organic,0,0.0,0.0,0,1
100184,2026-07-26,treatment,Email,0,0.0,0.18,1,1
100227,2026-07-26,control,Paid Search,0,0.0,2.2,0,1
100261,2026-07-26,treatment,Email,0,0.0,0.18,0,1
100297,2026-07-26,control,Paid Search,0,0.0,2.2,0,1
100339,2026-07-26,control,Paid Search,0,0.0,2.2,1,1
100464,2026-07-26,control,Organic,0,0.0,0.0,0,1
100527,2026-07-26,treatment,Organic,1,62.85,0.0,0,1
100616,2026-07-26,treatment,Meta,0,0.0,1.35,0,1
100641,2026-07-26,treatment,Paid Search,0,0.0,2.2,0,1
100693,2026-07-26,treatment,Paid Search,0,0.0,2.2,1,1
100745,2026-07-26,treatment,Paid Search,0,0.0,2.2,1,1
100871,2026-07-26,control,Organic,0,0.0,0.0,0,1
100882,2026-07-26,control,Paid Search,0,0.0,2.2,0,1
100900,2026-07-26,control,Meta,0,0.0,1.35,0,1
100947,2026-07-26,control,Paid Search,0,0.0,2.2,1,1
100955,2026-07-26,control,Paid Search,0,0.0,2.2,0,1
100972,2026-07-26,treatment,Paid Search,0,0.0,2.2,0,1
101060,2026-07-26,control,Paid Search,0,0.0,2.2,1,1
101078,2026-07-26,control,Organic,0,0.0,0.0,1,1
101341,2026-07-26,treatment,Meta,0,0.0,1.35,1,1
101355,2026-07-26,treatment,Organic,0,0.0,0.0,0,1
101488,2026-07-26,control,Email,0,0.0,0.18,1,1
101567,2026-07-26,treatment,Organic,0,0.0,0.0,1,1
101594,2026-07-26,treatment,Meta,0,0.0,1.35,0,1
101603,2026-07-26,control,Organic,0,0.0,0.0,0,1
101625,2026-07-26,treatment,Organic,1,125.5,0.0,0,1
101692,2026-07-26,treatment,Meta,0,0.0,1.35,0,1
101701,2026-07-26,treatment,Paid Search,0,0.0,2.2,0,1
101801,2026-07-26,treatment,Organic,0,0.0,0.0,0,1
101903,2026-07-26,control,Organic,0,0.0,0.0,0,1
101915,2026-07-26,control,Organic,0,0.0,0.0,1,1
101956,2026-07-26,control,Organic,1,77.64,0.0,0,1
102022,2026-07-26,treatment,Email,1,45.82,0.18,1,1
102106,2026-07-26,treatment,Meta,0,0.0,1.35,0,1
102131,2026-07-26,control,Email,1,79.95,0.18,1,1
102160,2026-07-26,control,Paid Search,1,101.86,2.2,0,1
102212,2026-07-26,control,Organic,0,0.0,0.0,0,1
102319,2026-07-26,control,Meta,0,0.0,1.35,1,1
